customer_id,tenure_days,num_orders,avg_order_value,total_spend,recency_days,num_returns,discount_usage_rate,support_tickets,product_categories,mobile_user,churn
C10000,116,2,673.11,1230.19,161,1,0.606,2,1,0,1
C10001,780,17,599.1,10749.76,16,0,0.038,0,5,1,0
C10002,664,11,562.41,6795.34,101,1,0.201,1,7,1,1
C10003,455,16,710.82,10040.84,137,1,0.136,0,6,1,0
C10004,450,10,910.12,8828.9,91,0,0.065,0,4,0,0
C10005,862,14,891.3,13352.38,15,1,0.235,1,4,1,0
C10006,113,2,833.56,1498.93,36,1,0.083,3,6,0,0
C10007,706,12,583.28,7139.05,60,0,0.201,1,6,0,0
C10008,225,4,503.62,2118.33,54,1,0.361,0,7,0,0
C10009,121,1,406.35,388.65,1,1,0.457,2,3,0,1
C10010,540,16,497.73,8756.82,131,2,0.28,1,4,0,0
C10011,976,15,655.77,9868.0,98,0,0.3,1,1,0,0
C10012,743,22,456.3,10421.06,66,0,0.28,0,2,1,0
C10013,768,24,678.71,14534.09,85,1,0.578,0,3,1,0
C10014,725,14,420.95,5050.25,29,1,0.297,2,6,1,1
C10015,792,15,307.82,3995.0,21,2,0.464,0,4,1,0
C10016,527,13,939.84,13698.44,58,0,0.277,1,5,1,0
C10017,154,2,525.05,1170.64,36,0,0.327,2,7,0,0
C10018,844,22,445.99,10717.19,101,1,0.094,0,4,1,0
C10019,466,13,397.32,4699.69,13,1,0.291,4,3,1,1
C10020,515,16,786.3,12676.89,112,0,0.489,0,6,1,0
C10021,389,6,1206.74,7883.65,86,0,0.163,2,3,0,0
C10022,207,2,542.18,1141.18,166,1,0.58,1,3,1,1
C10023,928,26,589.91,13568.56,70,0,0.337,0,7,0,0
C10024,788,19,1052.8,22376.83,96,0,0.197,0,4,1,0
C10025,654,12,287.8,3102.04,105,0,0.353,1,2,1,1
C10026,420,8,1575.08,11359.96,134,2,0.307,0,6,0,1
C10027,828,21,1952.41,45933.09,64,1,0.076,2,5,0,0
C10028,559,13,192.31,2488.49,37,1,0.091,0,6,0,1
C10029,460,10,622.1,5983.78,71,1,0.165,0,3,0,1
C10030,466,13,470.34,6212.84,112,0,0.068,2,6,1,0
C10031,250,5,576.99,3301.59,123,0,0.245,3,7,0,0
C10032,119,2,538.45,954.01,10,0,0.227,0,2,0,1
C10033,567,9,936.61,9079.27,300,0,0.169,2,2,0,1
C10034,891,18,617.89,10569.23,36,0,0.273,1,4,0,1
C10035,91,4,431.41,1527.39,97,2,0.467,2,6,0,1
C10036,862,23,601.54,13511.39,144,0,0.374,0,1,1,0
C10037,832,14,819.44,11639.95,54,1,0.337,1,4,1,0
C10038,298,6,381.57,2087.47,126,0,0.623,0,1,1,0
C10039,642,15,309.87,4515.96,10,1,0.468,3,7,0,1
C10040,190,5,1593.53,8291.96,130,0,0.43,3,6,1,0
C10041,765,16,486.81,7967.6,119,1,0.257,2,7,0,0
C10042,709,11,611.04,7171.43,78,0,0.672,0,2,1,0
C10043,373,8,543.46,4786.45,113,2,0.244,0,6,1,1
C10044,95,2,831.82,1618.29,175,1,0.272,2,3,1,1
C10045,971,31,1443.36,43710.13,147,0,0.03,0,1,1,0
C10046,462,10,843.82,8429.83,56,0,0.337,2,4,0,0
C10047,896,16,328.23,5356.22,70,0,0.137,2,4,1,0
C10048,687,8,348.67,2461.6,49,0,0.565,2,4,1,1
C10049,785,15,543.18,7689.72,44,1,0.259,1,6,1,1
C10050,767,11,576.09,5713.22,105,1,0.101,3,2,1,0
C10051,218,4,299.49,1156.94,49,1,0.214,2,5,1,1
C10052,382,11,939.81,11805.96,105,0,0.591,1,2,1,0
C10053,482,6,398.67,2451.39,54,2,0.389,0,7,0,0
C10054,512,15,1272.78,18687.23,60,0,0.783,1,4,0,0
C10055,72,1,1474.77,1503.94,28,1,0.775,0,6,0,1
C10056,560,9,581.29,5496.97,103,0,0.201,0,2,1,0
C10057,179,5,791.96,3882.53,9,1,0.372,3,3,1,0
C10058,751,17,373.38,6247.89,133,0,0.085,1,7,1,0
C10059,692,16,860.6,14601.56,240,2,0.021,1,2,1,1
C10060,924,19,519.46,8569.49,62,0,0.32,0,4,1,0
C10061,752,12,398.5,4839.5,60,0,0.196,1,3,1,0
C10062,385,3,570.65,1736.26,13,1,0.106,1,3,1,0
C10063,968,27,527.1,15327.91,38,0,0.157,1,5,1,0
C10064,428,12,561.52,7713.89,113,0,0.163,3,6,1,1
C10065,346,9,996.58,9765.03,125,1,0.286,2,4,0,1
C10066,908,11,456.5,5027.21,68,1,0.318,1,5,0,0
C10067,389,10,1419.04,12783.22,109,0,0.274,2,1,1,0
C10068,104,2,358.06,735.08,29,0,0.422,0,2,1,0
C10069,485,12,1344.69,17754.58,80,0,0.475,2,6,1,0
C10070,801,27,411.39,12548.45,157,0,0.23,0,5,1,1
C10071,213,8,649.7,5704.85,92,0,0.142,2,1,1,0
C10072,479,10,521.33,4726.85,173,0,0.135,0,7,1,0
C10073,156,1,556.85,592.36,177,0,0.104,0,3,1,1
C10074,695,17,932.23,17655.31,84,0,0.076,1,3,1,0
C10075,491,13,1276.52,17495.94,1,0,0.11,1,4,0,0
C10076,350,7,1110.66,8207.87,123,0,0.089,0,3,0,0
C10077,250,5,541.74,2708.83,18,0,0.449,1,4,1,0
C10078,577,14,706.19,10292.93,2,2,0.249,2,2,1,0
C10079,679,17,457.16,7292.32,7,0,0.264,1,1,0,0
C10080,942,22,416.04,8023.81,129,2,0.129,1,7,1,0
C10081,454,9,388.05,3835.81,85,0,0.096,1,6,0,0
C10082,185,7,533.82,4233.51,69,3,0.05,1,3,1,0
C10083,837,16,727.27,12881.95,91,2,0.191,1,6,0,0
C10084,640,17,274.97,4441.58,8,0,0.308,0,6,1,0
C10085,709,19,636.58,10620.14,49,1,0.43,0,5,1,0
C10086,124,3,1285.86,3603.14,33,0,0.112,0,6,0,0
C10087,332,7,1076.89,8313.54,65,0,0.197,1,7,0,0
C10088,774,15,499.52,7843.05,67,0,0.212,0,6,1,0
C10089,837,24,346.67,9484.96,88,0,0.38,2,2,0,0
C10090,452,13,799.43,9902.1,98,1,0.401,1,6,0,1
C10091,810,14,229.09,3256.79,9,1,0.647,2,2,1,0
C10092,846,18,1071.21,20959.52,49,3,0.212,4,4,1,1
C10093,405,9,590.43,4889.81,59,0,0.093,2,1,1,0
C10094,901,15,1481.87,25322.79,18,2,0.259,0,2,0,0
C10095,309,11,298.82,3378.13,16,1,0.321,0,6,1,0
C10096,262,6,982.54,5024.92,13,0,0.643,0,3,1,0
C10097,692,14,621.26,7458.63,108,1,0.187,2,2,1,0
C10098,647,17,560.04,10612.37,11,0,0.656,1,7,1,0
C10099,165,4,350.91,1464.82,13,1,0.189,2,7,1,0
C10100,837,13,849.85,11919.98,63,3,0.318,2,2,1,0
C10101,223,1,881.16,956.24,80,0,0.401,1,5,1,1
C10102,810,22,1451.39,31168.65,57,0,0.206,0,3,1,0
C10103,37,2,1023.1,2229.51,22,1,0.04,1,6,1,0
C10104,802,13,497.56,7317.3,16,1,0.098,2,5,1,0
C10105,793,22,413.74,8207.08,62,0,0.045,3,4,1,0
C10106,786,22,351.13,8336.99,52,2,0.087,1,7,0,0
C10107,674,14,1261.33,16640.38,42,1,0.071,2,6,1,0
C10108,487,8,457.97,3467.56,105,1,0.333,3,2,1,0
C10109,714,16,1265.31,19715.08,50,1,0.461,2,4,1,0
C10110,298,5,823.25,4565.4,15,0,0.082,0,6,0,0
C10111,787,10,754.03,6459.15,42,1,0.393,2,4,0,0
C10112,568,9,566.16,4994.44,87,0,0.122,1,1,0,0
C10113,475,6,875.04,5533.83,47,0,0.104,2,6,1,0
C10114,520,11,645.49,6270.53,86,0,0.376,2,4,1,0
C10115,581,18,550.5,10777.78,99,1,0.564,3,2,1,1
C10116,66,1,889.07,1006.93,50,2,0.121,0,6,1,1
C10117,165,7,609.22,3741.2,57,1,0.256,2,7,0,1
C10118,268,4,453.83,1626.32,45,0,0.071,1,5,1,0
C10119,141,4,851.41,3890.02,87,0,0.378,1,6,0,1
C10120,456,10,631.55,5743.04,44,0,0.117,0,2,0,0
C10121,678,16,809.96,11322.36,81,0,0.299,2,6,0,0
C10122,664,7,529.92,4212.65,68,0,0.328,1,7,1,0
C10123,486,8,377.23,3373.3,7,1,0.078,0,2,0,0
C10124,859,21,1419.07,31192.68,84,2,0.309,1,7,1,0
C10125,578,18,1303.68,23828.31,63,0,0.499,0,1,1,0
C10126,106,2,967.46,2178.27,137,1,0.119,1,4,1,1
C10127,772,13,545.91,7427.94,19,2,0.203,0,1,0,0
C10128,587,9,567.83,5353.31,69,1,0.052,3,4,0,0
C10129,645,11,1210.78,14691.8,38,1,0.195,0,5,1,0
C10130,578,9,554.32,5218.24,9,2,0.318,0,7,0,0
C10131,566,9,488.98,4405.67,5,1,0.201,1,2,1,0
C10132,117,3,1509.42,4378.45,156,1,0.312,1,7,0,1
C10133,572,11,636.2,7004.78,69,0,0.308,1,7,1,0
C10134,801,19,1440.53,27554.64,48,0,0.198,0,1,1,0
C10135,324,5,346.44,1659.88,12,2,0.338,1,7,1,0
C10136,614,5,820.7,4039.63,150,0,0.254,0,7,0,0
C10137,59,2,1650.71,3600.4,30,1,0.323,0,1,0,1
C10138,367,10,658.76,6422.61,72,0,0.162,1,1,1,1
C10139,453,7,577.19,3465.26,61,1,0.383,1,6,1,0
C10140,983,26,384.32,9341.88,199,1,0.471,1,3,1,1
C10141,238,7,1057.88,6809.21,56,2,0.168,3,2,0,1
C10142,298,8,459.63,4000.89,36,2,0.046,1,3,1,1
C10143,426,11,622.85,6747.13,70,0,0.159,0,3,1,0
C10144,992,29,372.95,10102.73,76,0,0.205,1,7,1,0
C10145,857,27,1309.73,38658.92,294,1,0.295,0,2,1,0
C10146,63,1,1092.99,935.34,55,0,0.166,1,1,0,1
C10147,256,3,640.83,1734.62,18,0,0.527,1,6,1,0
C10148,827,18,386.68,7642.95,42,1,0.527,1,6,1,0
C10149,86,1,1297.42,1317.13,70,0,0.355,1,7,1,0
C10150,860,23,551.31,13721.1,80,1,0.442,0,7,1,0
C10151,302,11,395.29,4789.33,11,0,0.358,1,1,1,0
C10152,920,21,294.13,6995.7,38,0,0.184,1,6,1,0
C10153,314,8,486.04,3379.06,191,0,0.166,1,2,0,0
C10154,451,9,337.78,3312.92,25,1,0.264,1,3,1,0
C10155,672,12,491.13,6262.67,107,1,0.143,0,4,1,0
C10156,152,1,908.65,828.79,43,0,0.307,0,7,1,1
C10157,570,13,548.97,8060.88,58,0,0.27,2,4,1,0
C10158,519,13,762.83,9631.79,12,1,0.139,0,2,1,0
C10159,790,20,469.41,10479.89,47,0,0.088,0,1,0,0
C10160,996,22,669.34,15189.83,69,1,0.253,0,5,1,1
C10161,674,14,1542.84,21773.08,56,1,0.148,1,6,0,0
C10162,426,6,555.66,2993.42,49,0,0.121,2,5,1,0
C10163,424,10,772.76,8688.13,88,1,0.293,0,7,1,0
C10164,435,8,321.34,2614.42,16,0,0.188,0,1,1,0
C10165,819,13,1288.22,14265.44,72,0,0.366,0,3,0,0
C10166,341,7,524.39,3140.26,5,0,0.085,1,5,1,0
C10167,191,5,1042.85,5648.54,128,1,0.282,0,7,0,1
C10168,354,14,614.95,7736.15,51,1,0.155,0,3,1,1
C10169,52,1,855.93,881.28,102,0,0.111,1,5,1,1
C10170,132,2,879.13,1853.78,1,0,0.158,2,2,1,0
C10171,117,2,530.26,990.32,92,1,0.127,1,5,1,0
C10172,778,12,1062.45,13014.51,29,1,0.159,1,6,1,0
C10173,730,16,461.94,6815.11,58,0,0.593,0,6,1,0
C10174,705,7,922.46,7321.81,93,1,0.098,0,4,1,0
C10175,478,4,545.32,2416.97,54,1,0.265,0,4,1,0
C10176,725,16,760.73,11397.72,85,0,0.393,2,7,0,0
C10177,186,6,527.99,3195.32,44,0,0.36,3,4,0,0
C10178,903,16,664.78,10638.5,135,0,0.07,1,3,1,0
C10179,516,19,400.76,8665.29,51,1,0.234,0,2,1,0
C10180,939,24,726.6,16884.01,51,2,0.076,0,5,1,0
C10181,177,4,663.05,2701.71,52,0,0.724,1,5,1,1
C10182,512,8,509.74,4602.39,57,0,0.393,0,4,1,0
C10183,705,11,634.1,6269.52,17,1,0.191,2,2,1,1
C10184,510,11,690.4,7709.42,24,2,0.258,0,2,1,0
C10185,462,10,492.56,4342.91,112,1,0.066,3,2,1,0
C10186,191,4,613.41,2540.13,102,1,0.513,1,1,1,0
C10187,399,8,413.42,3174.09,97,0,0.186,2,4,1,1
C10188,261,12,1867.87,25558.98,79,1,0.207,0,3,1,0
C10189,322,7,1046.89,7142.26,37,1,0.093,2,3,1,0
C10190,693,17,735.0,11131.25,34,0,0.586,1,7,0,0
C10191,641,20,1101.49,24237.19,55,1,0.377,3,2,1,1
C10192,618,9,266.75,2631.85,125,1,0.395,0,6,1,0
C10193,380,9,205.62,1958.76,66,1,0.197,0,2,0,1
C10194,960,17,543.1,9921.86,23,0,0.235,0,5,1,0
C10195,115,2,349.54,649.74,13,0,0.361,1,7,1,0
C10196,362,10,584.35,6092.53,104,1,0.418,0,6,0,1
C10197,144,3,713.03,1842.62,152,0,0.162,0,5,0,1
C10198,358,8,983.54,7152.83,10,0,0.376,3,2,0,0
C10199,963,21,389.46,9239.3,106,0,0.312,1,3,0,0
C10200,385,6,778.06,5003.41,78,1,0.288,1,3,0,0
C10201,911,19,654.22,11425.84,28,0,0.613,4,6,1,0
C10202,510,12,760.03,8057.06,67,2,0.085,0,3,1,0
C10203,708,10,514.44,5837.23,19,1,0.126,1,6,1,0
C10204,473,15,1211.22,16054.53,47,1,0.286,1,7,1,0
C10205,287,7,620.42,4026.43,57,0,0.227,2,1,0,0
C10206,771,13,1444.26,16987.78,134,0,0.549,0,7,1,0
C10207,970,30,455.46,11644.83,46,1,0.439,1,4,0,0
C10208,285,7,908.0,6001.59,31,0,0.246,2,5,1,0
C10209,785,14,632.78,10119.13,74,1,0.299,2,3,1,0
C10210,283,9,560.87,4808.42,86,1,0.224,3,3,0,1
C10211,725,12,863.95,10380.79,30,0,0.129,1,4,1,0
C10212,795,22,568.13,13421.04,22,0,0.192,1,2,1,1
C10213,465,9,196.19,1792.77,24,0,0.306,0,6,1,0
C10214,744,15,163.81,2636.71,135,0,0.215,0,5,1,0
C10215,294,10,1152.35,12082.28,84,1,0.26,0,1,1,0
C10216,106,2,1130.7,2335.05,43,0,0.552,4,2,0,0
C10217,123,2,1519.71,3175.87,120,0,0.041,2,4,0,0
C10218,463,10,644.89,7027.68,30,1,0.015,2,6,0,1
C10219,905,24,363.32,9269.52,53,2,0.35,1,3,0,0
C10220,153,2,538.16,1170.53,19,2,0.427,2,7,0,0
C10221,472,17,653.35,9926.05,116,1,0.113,2,4,1,0
C10222,712,15,413.15,6527.58,28,1,0.213,2,4,0,0
C10223,226,7,1364.89,10233.6,28,0,0.244,1,1,0,0
C10224,729,14,1780.68,23433.5,75,1,0.198,0,5,1,0
C10225,326,12,806.09,10760.07,4,4,0.123,1,6,1,0
C10226,814,14,646.83,8525.08,15,2,0.21,2,2,0,0
C10227,591,13,362.94,4355.62,95,1,0.184,1,4,0,0
C10228,560,11,1303.58,15918.56,24,0,0.555,2,1,0,0
C10229,201,5,672.71,3108.28,242,0,0.3,1,2,1,1
C10230,479,12,570.69,6674.68,64,0,0.278,0,1,0,0
C10231,860,18,807.14,13952.85,9,0,0.258,0,6,1,0
C10232,48,1,499.4,559.04,158,1,0.106,3,7,0,1
C10233,765,21,694.41,14386.78,64,4,0.239,1,1,0,0
C10234,507,9,339.63,3234.85,48,0,0.143,0,5,0,0
C10235,727,14,1060.15,16151.35,64,1,0.379,0,5,0,0
C10236,673,17,620.17,10947.43,9,0,0.301,1,5,1,0
C10237,449,7,1094.92,8684.64,55,0,0.099,1,4,0,0
C10238,329,9,593.75,5828.71,25,1,0.46,3,7,0,0
C10239,638,17,611.36,10081.97,52,0,0.148,1,1,1,0
C10240,166,5,376.69,2138.17,38,1,0.2,1,2,1,0
C10241,596,18,914.94,16590.34,61,0,0.444,2,2,0,0
C10242,121,2,438.27,751.0,43,0,0.521,1,6,1,1
C10243,660,21,522.22,10177.07,36,0,0.391,1,1,1,0
C10244,639,10,650.31,6740.59,23,1,0.541,0,1,1,0
C10245,111,1,686.44,615.77,10,0,0.516,0,6,1,0
C10246,764,10,301.64,3092.47,7,0,0.404,0,3,1,0
C10247,433,14,585.88,7861.75,16,3,0.339,0,5,0,0
C10248,793,14,929.67,13149.64,90,1,0.35,1,3,1,0
C10249,70,2,548.24,932.62,21,0,0.769,1,1,0,0
C10250,204,3,587.48,1946.66,31,1,0.28,1,5,1,1
C10251,509,9,699.28,6032.83,31,0,0.108,0,1,0,0
C10252,212,5,614.18,2739.39,38,0,0.106,3,4,1,0
C10253,349,6,408.81,2407.17,79,0,0.345,3,7,0,1
C10254,670,11,639.46,7004.89,43,0,0.405,0,2,0,0
C10255,170,6,1016.69,6351.59,102,0,0.041,0,2,0,1
C10256,687,15,405.02,6120.07,16,0,0.33,1,7,1,0
C10257,130,2,549.2,947.98,94,2,0.253,0,3,1,1
C10258,199,7,349.06,2715.75,145,0,0.478,2,3,1,1
C10259,600,10,992.86,9799.06,54,0,0.449,1,5,1,0
C10260,799,21,623.54,11432.62,20,0,0.214,1,1,1,0
C10261,195,2,443.36,959.3,80,0,0.126,0,1,1,0
C10262,320,9,677.56,6391.03,55,0,0.226,1,6,1,0
C10263,927,17,378.17,6717.11,70,3,0.265,2,7,1,0
C10264,989,17,408.26,6788.25,104,2,0.35,0,7,1,1
C10265,593,13,336.94,4262.61,40,2,0.236,0,1,1,0
C10266,463,7,402.19,2846.02,35,1,0.074,0,4,0,1
C10267,366,13,1197.24,13465.74,274,0,0.336,2,6,1,1
C10268,624,17,467.35,7465.77,81,0,0.334,0,6,1,1
C10269,603,11,801.73,10109.86,117,0,0.472,3,3,1,0
C10270,315,6,446.14,2807.09,100,0,0.256,1,4,0,0
C10271,52,1,914.85,892.6,118,0,0.436,1,2,0,0
C10272,176,2,409.62,751.0,72,0,0.347,1,1,1,1
C10273,959,11,661.58,7812.72,108,1,0.14,1,3,1,0
C10274,435,6,665.64,3706.63,31,0,0.081,1,2,0,0
C10275,497,16,1852.86,26642.97,9,0,0.181,1,7,0,0
C10276,483,7,863.21,5416.19,24,0,0.089,2,1,1,0
C10277,789,20,497.78,10640.34,49,1,0.259,0,4,1,0
C10278,93,3,884.7,2767.81,44,0,0.299,0,4,1,1
C10279,110,2,1701.3,2963.47,55,1,0.207,0,1,0,0
C10280,297,3,312.2,828.43,29,3,0.653,1,4,1,1
C10281,502,10,444.9,4627.65,5,3,0.093,0,7,0,0
C10282,680,16,584.27,9547.76,39,0,0.274,0,1,0,0
C10283,505,6,538.77,3413.0,14,0,0.346,0,2,0,0
C10284,457,11,559.61,5561.14,53,0,0.095,0,2,0,0
C10285,939,9,361.43,3473.99,74,1,0.52,1,1,1,0
C10286,186,5,1222.62,6912.87,38,0,0.691,2,7,0,0
C10287,584,20,342.68,7061.37,19,1,0.399,2,1,0,0
C10288,555,13,594.0,7018.05,57,4,0.068,0,2,0,0
C10289,489,10,1040.65,10967.03,284,0,0.366,1,6,1,1
C10290,813,13,641.23,7943.57,81,1,0.252,1,7,1,0
C10291,288,8,418.32,2894.06,85,0,0.288,1,2,0,0
C10292,955,15,354.27,4998.94,35,1,0.708,0,3,1,1
C10293,351,13,586.09,8546.24,26,0,0.226,0,2,0,0
C10294,558,7,462.34,3150.1,118,0,0.434,1,2,1,1
C10295,535,10,712.89,7908.8,3,0,0.07,0,7,1,0
C10296,854,19,345.96,6590.32,29,1,0.372,0,3,0,0
C10297,455,8,937.15,7535.39,168,0,0.062,3,5,0,1
C10298,306,9,684.69,5247.52,51,0,0.211,2,2,1,0
C10299,50,1,707.97,737.09,11,1,0.438,2,2,1,0
C10300,382,6,1243.22,6581.69,76,0,0.438,0,3,1,0
C10301,831,15,533.77,7955.5,39,1,0.156,0,5,1,0
C10302,39,1,468.88,435.17,8,1,0.298,3,7,1,1
C10303,899,22,508.0,10815.18,65,0,0.357,3,2,1,0
C10304,556,12,596.06,7232.28,58,0,0.444,1,5,1,0
C10305,166,4,623.93,2132.19,56,1,0.285,0,4,1,1
C10306,323,6,447.27,2510.19,80,0,0.439,0,6,0,1
C10307,567,14,261.54,4199.38,17,1,0.513,0,3,0,0
C10308,336,8,505.0,3503.57,71,2,0.241,0,3,1,0
C10309,135,2,764.25,1445.68,61,0,0.224,0,5,0,0
C10310,676,14,691.1,9157.05,117,0,0.182,1,4,1,0
C10311,682,13,1115.18,13972.77,28,1,0.22,1,6,1,0
C10312,145,3,1567.04,4961.72,131,0,0.289,3,1,1,0
C10313,302,8,914.77,6764.34,99,2,0.186,1,3,0,0
C10314,266,8,1210.88,9571.58,49,0,0.475,1,2,1,0
C10315,669,12,917.84,11492.74,56,2,0.522,0,2,1,0
C10316,738,15,1403.08,19924.37,3,0,0.343,0,1,0,0
C10317,735,19,1494.96,32228.35,54,0,0.388,1,3,0,0
C10318,940,22,997.25,25096.63,94,0,0.039,1,2,0,1
C10319,775,15,893.23,11869.71,43,0,0.297,0,6,0,0
C10320,341,8,592.66,4519.13,116,1,0.165,0,4,0,1
C10321,134,2,638.02,1164.25,77,0,0.19,2,6,1,0
C10322,626,17,558.33,8599.75,203,1,0.406,0,7,0,1
C10323,918,21,859.66,18004.01,30,0,0.403,0,6,1,0
C10324,975,18,470.04,8622.73,87,1,0.271,1,3,1,1
C10325,253,4,596.44,2332.55,14,1,0.4,0,7,0,0
C10326,259,3,225.24,629.61,47,0,0.128,2,3,1,0
C10327,66,1,1411.44,1317.7,80,1,0.53,0,6,1,1
C10328,167,1,588.61,675.51,91,1,0.483,5,2,1,1
C10329,568,9,797.9,8093.84,40,1,0.21,1,7,0,0
C10330,560,11,1252.6,12025.54,125,1,0.195,0,3,0,0
C10331,389,3,744.05,2336.98,144,0,0.365,2,5,1,1
C10332,330,15,1245.05,18434.15,30,0,0.257,2,3,1,0
C10333,834,12,371.74,4713.56,48,1,0.116,1,2,0,0
C10334,476,14,1911.78,27543.46,44,0,0.313,4,3,0,0
C10335,814,23,1060.16,27231.1,35,1,0.118,1,5,1,0
C10336,964,17,714.16,10563.6,138,0,0.273,0,1,1,0
C10337,337,6,1234.3,7071.65,137,1,0.072,1,2,1,1
C10338,226,6,384.17,2640.74,45,0,0.426,1,7,1,1
C10339,954,15,570.83,7746.33,87,1,0.262,0,1,0,0
C10340,645,15,1244.99,16587.0,115,0,0.327,0,6,1,0
C10341,312,10,280.56,2998.32,66,0,0.528,0,3,0,0
C10342,633,9,836.46,8154.71,42,0,0.486,1,3,0,0
C10343,529,14,825.88,12159.88,28,1,0.411,1,3,0,0
C10344,908,21,1576.75,35855.35,93,1,0.047,1,3,0,0
C10345,278,4,318.83,1349.44,16,1,0.382,4,5,1,0
C10346,991,15,1341.18,17919.46,43,0,0.571,0,6,1,0
C10347,937,21,505.33,10956.46,37,0,0.139,1,3,1,0
C10348,205,2,531.56,1151.43,14,0,0.137,2,2,0,0
C10349,189,6,375.05,2497.06,51,0,0.275,1,1,0,0
C10350,547,10,398.39,3680.61,47,1,0.194,2,6,1,0
C10351,73,1,779.43,692.31,23,0,0.497,1,7,0,0
C10352,319,5,394.03,2136.29,135,2,0.116,2,1,1,0
C10353,452,11,906.96,9247.92,94,2,0.145,1,5,1,0
C10354,970,22,482.33,9121.21,56,1,0.048,2,2,1,0
C10355,992,26,376.57,10746.05,104,0,0.217,0,2,0,0
C10356,176,3,512.58,1540.5,122,0,0.122,1,6,1,1
C10357,894,11,756.34,7887.03,139,0,0.184,0,2,1,0
C10358,118,2,573.73,979.28,30,2,0.268,1,3,0,0
C10359,756,14,660.08,7952.89,104,1,0.627,1,1,1,0
C10360,850,17,889.15,16442.5,47,0,0.325,1,7,1,0
C10361,894,20,1057.92,21093.06,64,1,0.27,0,7,1,0
C10362,246,7,565.34,3541.53,31,1,0.288,1,7,1,0
C10363,896,19,406.29,7391.83,54,1,0.502,1,2,1,0
C10364,142,3,672.64,1815.3,105,0,0.443,1,2,1,1
C10365,533,13,803.33,9230.45,163,1,0.537,0,7,0,1
C10366,485,15,336.85,4713.67,50,0,0.179,1,5,0,0
C10367,336,8,435.37,3534.69,24,1,0.208,2,2,0,0
C10368,51,1,470.28,429.37,180,0,0.146,1,1,1,1
C10369,778,23,591.97,12976.77,29,0,0.216,2,6,1,0
C10370,355,7,461.51,3209.18,10,1,0.195,0,6,1,0
C10371,671,18,893.49,15696.98,34,1,0.395,1,1,1,0
C10372,427,8,315.66,2243.93,118,0,0.073,2,4,1,0
C10373,392,8,319.29,2200.95,27,0,0.281,3,4,1,1
C10374,889,15,559.32,7220.58,18,0,0.266,1,4,0,0
C10375,121,2,600.6,1147.21,60,1,0.398,3,3,0,0
C10376,744,9,337.78,3239.57,163,1,0.187,2,3,1,1
C10377,754,10,494.69,4399.66,78,1,0.45,0,3,0,0
C10378,398,9,542.67,5304.52,15,0,0.229,0,7,1,0
C10379,284,5,544.57,2899.02,223,2,0.202,1,7,0,0
C10380,35,1,695.98,592.41,71,2,0.187,0,1,0,0
C10381,938,23,482.64,9524.69,109,1,0.109,2,6,1,0
C10382,949,23,1263.95,26411.16,12,1,0.088,3,5,1,0
C10383,263,3,809.7,2105.63,198,0,0.445,1,2,1,1
C10384,60,1,452.04,456.29,40,0,0.123,2,2,0,1
C10385,149,5,678.24,2922.84,11,2,0.073,0,6,1,0
C10386,95,2,687.31,1499.43,65,0,0.305,0,3,0,0
C10387,836,23,1122.82,25770.33,109,0,0.361,0,1,1,0
C10388,895,20,496.11,10600.74,87,0,0.139,0,7,0,0
C10389,178,4,918.07,3948.47,86,1,0.264,1,7,1,0
C10390,754,17,662.36,11282.97,81,2,0.267,3,3,0,0
C10391,203,3,1271.79,4302.25,61,2,0.541,0,3,0,0
C10392,386,8,1161.97,10662.91,12,1,0.389,0,3,1,0
C10393,611,16,710.25,10884.03,46,0,0.575,1,2,1,0
C10394,728,17,577.64,8717.69,41,1,0.176,1,1,1,0
C10395,878,18,816.43,14092.8,139,1,0.469,0,2,0,0
C10396,73,2,599.3,1099.12,118,0,0.272,0,3,0,1
C10397,220,4,1384.52,5589.59,37,0,0.325,1,2,1,0
C10398,302,11,673.36,7136.73,97,0,0.046,1,1,0,0
C10399,331,4,541.55,2153.49,52,1,0.33,0,7,0,0
C10400,998,28,528.55,15967.91,10,0,0.123,0,7,0,0
C10401,784,13,376.57,4563.53,3,2,0.088,3,3,1,0
C10402,340,9,834.99,7599.4,89,1,0.092,1,5,1,0
C10403,972,17,449.42,7262.32,21,2,0.098,2,1,0,0
C10404,514,19,1065.44,21973.93,21,0,0.347,0,7,0,0
C10405,515,13,363.27,4920.2,30,0,0.476,1,6,0,0
C10406,450,6,688.3,3520.87,91,1,0.483,0,2,0,0
C10407,169,3,1090.7,3429.21,119,2,0.173,1,2,1,1
C10408,936,19,246.77,4224.68,117,2,0.185,1,3,0,1
C10409,43,2,1611.94,3440.98,8,0,0.104,1,1,0,0
C10410,199,5,536.78,2738.12,28,1,0.359,1,3,0,0
C10411,252,6,692.61,4032.84,24,0,0.26,1,5,0,0
C10412,300,10,840.61,8895.5,91,1,0.523,2,6,1,0
C10413,157,1,901.2,997.61,29,0,0.309,0,1,1,0
C10414,47,2,735.26,1593.49,49,1,0.124,0,3,0,0
C10415,687,12,1018.2,12384.74,97,1,0.643,2,6,0,0
C10416,970,18,821.03,15765.87,57,0,0.508,1,7,1,0
C10417,148,3,1435.64,4195.69,71,0,0.468,3,4,0,0
C10418,317,8,822.23,7148.19,48,0,0.558,1,6,1,0
C10419,521,15,1573.5,25932.43,110,0,0.101,1,2,1,0
C10420,929,17,975.02,14771.75,118,1,0.42,1,7,0,0
C10421,703,16,288.41,4251.9,81,1,0.545,0,4,0,0
C10422,773,17,2104.78,33312.23,119,0,0.244,1,5,0,0
C10423,593,8,501.96,3613.41,272,1,0.407,2,2,0,1
C10424,434,8,1274.06,9863.88,95,1,0.168,2,2,1,0
C10425,223,10,657.88,5972.96,53,1,0.443,2,4,1,0
C10426,868,30,1047.82,32335.57,72,0,0.57,1,4,0,0
C10427,810,22,476.83,9236.51,127,1,0.224,1,5,1,0
C10428,54,1,861.4,801.94,39,1,0.131,0,6,1,0
C10429,723,16,580.0,9740.81,37,1,0.097,1,6,1,0
C10430,111,2,1322.82,2565.12,71,1,0.372,2,3,1,0
C10431,746,17,791.85,13144.28,53,1,0.128,2,4,1,0
C10432,831,31,990.44,33447.86,24,0,0.321,1,1,1,0
C10433,157,3,245.46,843.42,63,1,0.145,0,6,0,1
C10434,450,8,625.45,5101.27,145,0,0.398,3,1,1,0
C10435,150,1,781.9,683.16,79,2,0.284,1,1,1,1
C10436,580,10,718.81,6331.79,20,1,0.282,1,4,1,0
C10437,929,22,1001.74,25135.77,89,0,0.039,2,7,0,0
C10438,108,3,551.32,1742.89,44,0,0.232,2,3,1,1
C10439,415,9,664.43,6432.79,215,1,0.384,0,2,1,1
C10440,973,26,1106.02,30272.83,84,0,0.211,1,2,0,0
C10441,321,4,233.12,842.85,33,1,0.239,0,6,1,0
C10442,158,1,847.41,834.28,93,0,0.093,3,5,1,0
C10443,503,11,559.32,6702.7,67,0,0.363,2,4,0,1
C10444,523,8,431.14,3828.21,136,1,0.251,0,7,1,0
C10445,672,14,756.28,9753.6,36,1,0.067,2,1,1,0
C10446,334,9,1129.27,10456.02,83,0,0.255,2,5,1,0
C10447,956,22,1037.52,20477.4,12,1,0.331,1,3,0,0
C10448,535,15,611.66,10436.29,61,0,0.238,1,2,0,0
C10449,307,9,963.97,8030.79,19,0,0.224,1,7,0,0
C10450,961,20,960.64,20519.09,65,0,0.319,1,7,0,0
C10451,927,31,624.94,17810.38,76,0,0.178,1,6,0,0
C10452,514,18,475.84,8863.32,81,1,0.307,0,2,1,0
C10453,54,1,488.39,511.72,36,1,0.527,0,6,1,1
C10454,609,12,947.67,10786.7,62,1,0.346,2,3,0,0
C10455,568,10,637.79,6987.95,125,1,0.181,1,3,0,0
C10456,173,6,405.93,2717.16,176,1,0.252,1,2,1,1
C10457,644,18,304.53,6065.44,64,2,0.239,3,5,1,0
C10458,845,22,945.11,19736.99,127,3,0.315,2,7,1,0
C10459,132,6,508.22,3272.84,26,0,0.092,0,2,1,0
C10460,731,15,754.19,11514.75,41,2,0.14,1,4,0,0
C10461,166,5,1135.51,5835.32,70,0,0.236,1,5,0,0
C10462,756,13,360.67,4656.96,53,1,0.579,1,5,0,0
C10463,436,11,636.93,7216.97,49,0,0.205,0,2,1,0
C10464,36,1,601.94,536.15,118,0,0.581,0,1,0,0
C10465,967,20,771.13,15000.86,22,0,0.259,2,6,1,0
C10466,190,6,1135.23,6152.73,25,1,0.085,2,5,1,1
C10467,608,11,357.35,3671.54,16,0,0.309,1,5,0,0
C10468,206,5,839.98,3730.96,71,1,0.354,1,4,0,1
C10469,935,26,1033.97,24564.51,44,0,0.324,2,3,0,0
C10470,746,21,597.71,13613.54,110,0,0.205,1,2,1,0
C10471,810,17,611.01,10542.47,67,0,0.193,2,5,1,0
C10472,449,13,784.68,8743.07,36,1,0.272,1,6,0,0
C10473,483,15,759.1,12372.09,31,0,0.046,1,3,0,0
C10474,645,14,844.74,13279.12,50,0,0.139,1,1,1,0
C10475,791,16,836.77,14916.31,19,0,0.502,0,2,1,0
C10476,851,14,417.83,6416.48,120,0,0.253,0,5,1,1
C10477,47,1,1014.95,1164.82,43,0,0.322,0,2,1,1
C10478,673,14,1098.86,15782.8,13,0,0.226,0,6,1,0
C10479,135,1,706.77,804.85,137,0,0.043,0,2,0,1
C10480,309,6,331.82,2259.0,51,1,0.169,1,4,1,1
C10481,834,21,617.29,12236.79,88,0,0.49,1,2,0,0
C10482,272,6,709.43,4720.68,36,1,0.064,2,4,0,1
C10483,802,13,388.35,5491.52,140,1,0.711,0,5,1,0
C10484,479,13,552.75,7780.3,27,0,0.433,1,6,1,0
C10485,255,5,344.73,1928.56,44,1,0.325,0,6,0,0
C10486,354,10,854.28,8246.0,9,0,0.374,1,4,1,0
C10487,544,14,700.4,9511.59,137,2,0.245,2,4,0,1
C10488,772,14,309.94,4521.47,32,1,0.529,2,3,1,0
C10489,617,8,761.38,6525.58,72,1,0.415,2,7,1,1
C10490,935,22,633.68,15529.13,80,1,0.049,0,6,0,0
C10491,871,15,820.04,13687.54,122,1,0.202,0,7,1,0
C10492,760,19,545.0,11042.59,68,2,0.243,1,6,1,0
C10493,615,21,453.19,10821.46,53,1,0.229,1,1,0,0
C10494,311,12,459.48,4982.17,114,1,0.483,2,2,1,0
C10495,430,7,510.2,4053.9,79,2,0.141,0,4,1,0
C10496,145,2,655.53,1139.65,47,0,0.129,2,3,0,0
C10497,392,8,694.75,5650.74,142,3,0.533,2,7,1,1
C10498,928,23,596.54,12033.62,84,0,0.13,0,4,1,0
C10499,443,12,537.26,6578.64,18,2,0.229,3,2,0,0
C10500,140,3,554.93,1609.91,159,1,0.111,1,5,0,1
C10501,662,11,2009.11,19326.25,35,1,0.362,1,3,1,0
C10502,963,16,459.5,7678.69,122,2,0.325,1,1,1,1
C10503,871,23,505.67,12437.09,14,0,0.163,0,7,0,0
C10504,295,10,2861.8,25820.75,113,1,0.204,0,7,0,0
C10505,470,11,785.58,9145.44,19,1,0.215,1,6,1,0
C10506,545,7,349.32,2209.8,67,0,0.219,2,3,1,1
C10507,270,4,949.73,3385.67,82,0,0.396,1,6,1,0
C10508,290,3,431.58,1157.77,48,2,0.113,2,3,1,1
C10509,259,3,978.53,3022.85,59,0,0.321,1,7,0,0
C10510,994,20,591.13,12811.41,23,0,0.02,2,7,0,0
C10511,753,12,533.29,6585.5,105,0,0.384,1,2,1,0
C10512,845,19,1340.9,27841.51,70,1,0.25,2,3,0,0
C10513,822,19,838.7,16372.62,27,0,0.065,0,5,0,1
C10514,960,13,1007.09,14259.94,72,1,0.215,0,2,0,0
C10515,132,5,790.52,4517.65,73,1,0.2,1,6,0,0
C10516,885,34,532.17,17501.9,61,0,0.289,1,5,1,0
C10517,94,2,855.84,1531.92,3,0,0.022,3,2,0,0
C10518,491,17,1120.04,16957.99,42,1,0.501,0,6,1,0
C10519,606,14,690.63,9951.57,104,1,0.156,0,1,1,1
C10520,377,7,1462.22,10380.18,85,1,0.073,0,3,1,0
C10521,171,2,953.07,1725.57,84,0,0.191,2,2,1,1
C10522,216,2,715.06,1594.06,69,1,0.198,1,1,0,1
C10523,829,20,727.88,16552.35,113,1,0.143,2,6,1,0
C10524,339,10,691.41,6402.21,35,2,0.14,0,2,1,0
C10525,331,3,370.15,1012.8,29,2,0.043,1,5,1,0
C10526,925,25,624.18,14265.27,187,0,0.334,1,1,1,0
C10527,169,6,718.03,4162.68,32,0,0.061,2,7,1,0
C10528,917,24,539.01,14307.07,17,1,0.187,0,7,1,0
C10529,923,27,756.67,21018.24,47,1,0.453,1,3,0,0
C10530,610,12,656.26,6853.45,63,1,0.132,1,4,0,0
C10531,190,1,920.7,913.24,113,1,0.311,1,5,1,1
C10532,181,4,876.01,3073.39,43,0,0.178,2,5,0,1
C10533,306,6,700.78,4086.38,42,0,0.35,0,1,0,0
C10534,590,13,351.33,4435.09,58,1,0.352,0,7,1,1
C10535,179,6,1455.05,9118.85,37,1,0.365,0,7,1,0
C10536,471,15,609.79,9282.55,14,1,0.479,0,4,1,0
C10537,142,1,626.77,697.24,18,0,0.13,1,4,1,0
C10538,554,13,557.15,6191.87,135,0,0.213,3,2,0,0
C10539,50,1,521.75,564.64,97,0,0.337,1,6,1,1
C10540,717,8,1302.18,8925.64,57,2,0.072,1,4,1,0
C10541,83,1,1212.81,1141.6,85,1,0.205,2,2,1,1
C10542,218,7,793.89,6190.19,99,1,0.138,1,3,0,0
C10543,199,4,619.3,2618.71,34,1,0.651,1,1,0,1
C10544,836,22,858.83,17035.05,23,1,0.685,2,6,1,0
C10545,81,2,671.95,1340.18,125,3,0.097,3,1,1,1
C10546,446,10,596.67,6363.91,5,1,0.404,0,4,0,0
C10547,603,10,756.82,8561.17,86,1,0.192,3,6,1,0
C10548,530,14,532.96,7762.11,66,1,0.509,1,1,1,0
C10549,690,16,728.14,9988.95,117,0,0.306,0,2,0,0
C10550,809,13,712.57,9262.58,89,0,0.28,0,6,1,0
C10551,411,10,852.6,7638.35,85,0,0.23,0,6,1,0
C10552,833,14,491.94,5952.81,25,0,0.138,1,1,1,0
C10553,338,11,894.74,10133.01,101,2,0.29,2,2,1,1
C10554,984,22,432.31,10300.95,79,1,0.476,1,5,0,0
C10555,519,13,502.36,5621.73,28,1,0.212,0,4,1,0
C10556,743,18,512.32,10006.32,67,0,0.366,1,4,1,0
C10557,878,15,401.24,6391.25,20,1,0.529,0,2,0,0
C10558,798,19,1026.61,20980.14,51,1,0.574,1,4,0,0
C10559,855,17,420.27,6597.45,238,0,0.268,1,1,1,1
C10560,550,11,474.59,5053.84,24,1,0.102,1,7,0,0
C10561,72,2,1143.56,2026.22,14,1,0.58,1,4,0,0
C10562,508,17,502.81,7878.2,19,0,0.313,1,3,1,0
C10563,206,4,597.23,2247.58,50,0,0.205,0,3,1,1
C10564,892,22,412.22,8577.59,93,0,0.181,2,3,0,0
C10565,259,11,945.58,9387.37,59,0,0.048,1,4,1,0
C10566,251,3,951.47,2587.85,16,0,0.382,1,2,1,0
C10567,271,8,906.42,8124.72,92,2,0.154,1,5,1,0
C10568,653,22,827.87,19764.32,8,1,0.197,0,2,1,0
C10569,584,10,671.89,6405.42,18,0,0.253,2,3,1,0
C10570,950,22,513.37,12810.86,35,1,0.587,2,7,1,0
C10571,433,8,450.45,3321.35,122,0,0.381,3,4,0,0
C10572,303,6,1161.46,6773.96,61,0,0.383,0,7,0,0
C10573,77,1,917.02,1003.27,63,0,0.394,1,5,1,0
C10574,36,1,475.79,467.64,16,2,0.267,1,6,1,1
C10575,392,9,661.76,5481.68,39,1,0.105,1,1,0,1
C10576,928,25,567.89,13637.32,110,0,0.165,1,4,0,0
C10577,538,14,391.22,5478.26,75,2,0.464,2,3,0,1
C10578,896,25,704.1,18239.59,95,0,0.278,1,1,1,0
C10579,128,1,539.15,523.88,56,0,0.173,2,1,1,1
C10580,120,2,423.41,829.37,111,0,0.611,2,2,1,1
C10581,838,14,334.07,4345.77,16,1,0.394,1,1,0,0
C10582,133,1,321.58,324.99,49,1,0.354,0,4,0,0
C10583,80,4,549.95,2014.66,83,0,0.296,1,1,1,1
C10584,421,11,625.58,7640.11,11,0,0.194,3,6,0,1
C10585,927,18,438.38,8476.42,2,1,0.297,2,5,0,0
C10586,698,12,871.14,10172.31,187,3,0.233,2,7,0,1
C10587,126,1,631.11,677.92,62,3,0.234,1,1,1,1
C10588,842,24,842.67,17232.91,10,0,0.05,0,1,1,0
C10589,848,16,598.64,9131.38,61,1,0.459,1,7,0,0
C10590,806,20,456.13,8959.22,18,0,0.339,0,3,1,0
C10591,905,18,684.25,12204.91,25,0,0.313,2,6,1,0
C10592,262,8,368.25,3165.83,125,1,0.358,3,2,1,0
C10593,980,13,828.59,12267.23,36,1,0.604,1,1,1,0
C10594,341,7,426.35,2877.01,36,1,0.227,2,4,1,0
C10595,807,15,982.58,14078.11,17,1,0.117,3,5,1,0
C10596,591,10,558.17,5766.76,43,0,0.451,1,1,0,0
C10597,786,21,1048.5,20573.56,65,0,0.266,1,1,1,0
C10598,638,16,392.21,5600.16,36,0,0.27,0,2,0,0
C10599,653,16,479.13,8727.54,220,1,0.063,2,1,0,1
C10600,627,13,771.54,10961.4,22,1,0.388,1,7,0,0
C10601,785,18,1100.69,22537.62,22,2,0.208,0,7,1,0
C10602,746,12,1376.01,15114.37,42,1,0.458,0,1,0,0
C10603,160,4,662.21,2265.67,203,2,0.24,1,4,1,1
C10604,831,19,1486.17,27705.76,96,0,0.314,0,3,1,0
C10605,549,10,570.56,6447.8,35,2,0.105,1,1,0,1
C10606,343,9,1065.73,8550.86,35,0,0.154,1,5,1,0
C10607,528,15,425.38,5647.91,21,0,0.485,1,6,0,0
C10608,967,17,785.3,11623.74,41,1,0.271,1,5,1,0
C10609,861,8,226.61,1957.01,48,1,0.394,0,7,1,1
C10610,838,21,392.39,8947.02,93,1,0.063,0,5,0,0
C10611,478,10,801.89,8488.91,79,1,0.251,0,4,0,0
C10612,790,14,360.1,4365.79,39,1,0.257,1,7,1,0
C10613,403,13,787.69,10925.91,154,2,0.137,0,5,0,0
C10614,695,9,977.38,8660.86,31,0,0.179,0,6,1,0
C10615,650,16,518.73,7447.87,13,1,0.111,1,6,1,0
C10616,272,6,420.29,2366.75,67,0,0.253,1,1,0,0
C10617,288,7,525.1,3676.96,119,2,0.253,1,6,1,0
C10618,89,3,420.88,1198.11,55,1,0.224,1,6,1,1
C10619,165,1,621.06,708.58,17,5,0.288,0,4,1,1
C10620,450,11,680.56,7429.43,63,0,0.145,0,4,1,0
C10621,493,11,566.38,5991.22,70,0,0.357,2,6,0,0
C10622,190,2,1380.82,2905.11,75,1,0.201,1,1,1,0
C10623,434,3,470.24,1474.43,64,1,0.164,0,4,0,1
C10624,616,13,1215.75,13445.6,130,1,0.311,0,6,0,0
C10625,255,9,406.84,3791.7,21,2,0.28,1,2,1,1
C10626,358,9,671.64,5580.1,1,1,0.451,2,2,0,0
C10627,386,7,1106.96,7458.69,8,2,0.255,0,1,1,0
C10628,519,7,1081.48,8039.0,16,0,0.214,0,3,1,0
C10629,385,11,538.0,6019.88,105,0,0.082,1,3,0,0
C10630,744,14,834.43,11221.71,43,0,0.191,1,7,0,0
C10631,347,6,785.64,4243.51,162,1,0.484,2,1,1,1
C10632,450,10,509.79,5106.28,19,4,0.275,1,5,0,1
C10633,398,8,857.61,6489.09,160,3,0.288,0,1,0,1
C10634,207,5,1502.81,8444.88,25,0,0.335,0,6,1,0
C10635,695,22,803.71,17863.81,48,2,0.249,1,4,0,0
C10636,258,4,838.68,3723.03,10,1,0.303,0,3,1,0
C10637,317,9,879.58,7655.41,146,1,0.069,0,7,1,0
C10638,798,18,336.81,6658.11,53,0,0.151,0,6,1,1
C10639,950,17,799.57,11784.33,226,0,0.201,2,1,1,1
C10640,680,16,411.34,6182.84,123,0,0.576,1,2,0,0
C10641,918,26,498.46,11319.91,47,0,0.215,3,2,1,0
C10642,858,21,1719.6,31037.74,29,0,0.182,3,5,1,0
C10643,496,7,579.99,4570.1,108,0,0.248,1,6,1,0
C10644,777,18,465.86,8931.04,58,1,0.287,0,5,1,1
C10645,348,6,1091.86,6797.04,28,1,0.376,2,3,1,0
C10646,476,11,424.33,4713.13,61,0,0.192,1,6,1,0
C10647,549,8,531.46,4340.4,6,4,0.238,0,6,1,1
C10648,961,18,1140.3,21379.4,76,1,0.086,1,1,1,0
C10649,853,17,662.63,12368.36,87,3,0.28,1,4,1,1
C10650,504,14,321.9,4637.59,18,0,0.282,1,5,1,0
C10651,663,15,830.28,13382.96,132,0,0.152,1,5,1,0
C10652,226,5,543.79,2540.3,113,0,0.223,0,2,0,1
C10653,810,22,1299.72,32683.57,71,2,0.52,2,2,0,0
C10654,566,16,494.82,6805.31,24,1,0.13,1,3,1,0
C10655,546,10,1043.17,10076.74,91,1,0.369,0,3,1,0
C10656,773,21,1445.25,33828.84,41,1,0.304,3,7,1,0
C10657,643,12,443.21,4808.78,66,2,0.564,2,5,1,1
C10658,100,3,595.87,1595.27,98,1,0.287,0,6,1,1
C10659,309,15,774.22,11144.46,13,0,0.081,1,1,0,0
C10660,201,2,441.94,864.84,9,1,0.479,1,6,1,1
C10661,742,21,734.07,17419.76,38,1,0.338,1,2,1,0
C10662,64,1,587.43,646.66,201,1,0.441,1,4,0,1
C10663,226,7,582.13,4031.01,233,1,0.202,0,3,0,1
C10664,609,15,664.47,11381.3,75,3,0.154,2,7,1,0
C10665,703,16,671.18,11197.25,115,2,0.644,1,5,1,1
C10666,518,15,699.75,11672.85,55,0,0.261,0,4,1,0
C10667,864,23,496.46,10548.68,61,0,0.788,0,4,0,0
C10668,921,15,506.31,7569.51,48,3,0.207,0,5,1,0
C10669,158,4,616.22,2117.12,125,0,0.382,2,6,1,1
C10670,953,20,637.04,10863.62,164,1,0.306,2,5,1,0
C10671,625,8,533.52,4531.23,60,0,0.26,0,6,1,0
C10672,647,19,752.01,12652.02,61,0,0.149,2,6,0,0
C10673,122,1,287.24,291.36,50,0,0.138,1,1,1,1
C10674,633,10,467.9,4954.14,166,0,0.403,2,3,1,1
C10675,733,20,573.07,9853.03,105,1,0.516,2,7,1,0
C10676,593,14,442.18,6095.32,23,0,0.277,1,3,0,0
C10677,111,4,1353.04,5711.16,197,2,0.324,0,6,1,1
C10678,537,10,655.54,7321.85,3,1,0.463,0,4,0,0
C10679,937,14,703.82,9260.0,155,1,0.148,2,2,1,0
C10680,731,21,522.97,12544.78,118,0,0.646,2,3,1,0
C10681,163,4,645.4,2848.44,60,1,0.571,0,4,1,0
C10682,961,28,376.2,11009.62,59,0,0.517,1,1,1,0
C10683,960,20,602.18,11653.12,52,0,0.084,2,3,1,0
C10684,194,8,426.37,3626.99,24,0,0.258,1,5,1,0
C10685,806,21,573.72,13190.98,187,0,0.234,1,7,1,0
C10686,424,10,205.41,1932.89,58,1,0.041,3,7,1,1
C10687,605,17,391.26,7634.83,24,0,0.062,1,3,0,0
C10688,461,10,1256.07,14100.46,179,0,0.122,1,6,1,0
C10689,789,15,944.5,14105.88,81,0,0.213,3,3,0,0
C10690,996,18,1176.78,22598.04,85,1,0.204,1,6,0,0
C10691,801,11,1213.72,13447.08,207,0,0.538,1,7,0,0
C10692,933,19,879.91,18026.98,94,0,0.025,1,4,1,0
C10693,947,14,530.16,8150.32,34,1,0.492,3,5,1,0
C10694,117,2,407.57,698.55,94,0,0.09,1,7,0,0
C10695,275,3,1088.99,2854.48,26,2,0.168,0,1,1,1
C10696,730,18,669.16,11453.96,40,0,0.413,0,2,1,0
C10697,602,14,1996.76,31456.91,73,0,0.144,3,5,1,0
C10698,78,1,551.52,534.69,114,1,0.11,1,2,1,1
C10699,122,3,1579.36,5288.9,35,1,0.145,4,6,1,1
C10700,534,11,605.72,6587.83,51,0,0.21,1,2,1,1
C10701,627,16,1185.83,17771.43,50,0,0.35,0,3,0,0
C10702,192,4,1394.77,6249.65,128,3,0.45,0,6,1,1
C10703,196,4,410.2,1670.66,59,1,0.131,0,4,1,0
C10704,155,4,522.55,2002.72,195,0,0.456,1,6,0,0
C10705,578,9,408.35,3172.84,40,2,0.316,2,5,1,1
C10706,37,1,373.72,330.1,37,0,0.065,1,4,1,0
C10707,585,12,877.57,9391.33,153,0,0.248,0,4,1,0
C10708,491,15,594.96,8562.52,88,0,0.44,1,6,1,0
C10709,482,8,665.5,5495.43,149,0,0.344,2,7,1,1
C10710,688,11,834.87,8653.47,18,1,0.44,1,1,1,0
C10711,536,6,281.79,1470.37,58,1,0.298,0,4,0,0
C10712,735,15,1159.82,16169.79,73,0,0.555,3,6,0,0
C10713,771,9,555.51,4862.62,69,0,0.175,1,5,1,1
C10714,922,22,825.97,20854.9,51,0,0.317,0,4,0,0
C10715,805,17,859.45,14141.59,68,1,0.394,0,6,1,0
C10716,532,7,1204.51,7392.45,71,1,0.566,0,4,0,0
C10717,507,12,620.04,7621.54,36,2,0.171,0,1,1,0
C10718,258,7,249.97,1970.07,125,3,0.112,0,2,1,1
C10719,611,9,666.93,6518.63,180,1,0.34,1,1,1,0
C10720,164,2,711.44,1566.4,100,2,0.093,0,5,1,1
C10721,933,18,408.12,8289.92,79,1,0.045,2,7,0,0
C10722,849,20,694.6,14461.06,55,0,0.182,0,3,1,0
C10723,146,1,552.53,634.57,73,2,0.405,0,6,1,1
C10724,792,19,355.22,5804.19,78,1,0.086,1,7,1,0
C10725,143,4,879.31,3870.55,24,2,0.21,0,3,0,0
C10726,729,22,504.36,12284.33,121,0,0.188,2,7,1,0
C10727,115,2,541.37,1218.09,42,0,0.787,0,1,1,0
C10728,503,7,527.85,3670.75,159,1,0.068,1,5,1,1
C10729,668,17,1133.36,20930.39,67,0,0.671,0,2,1,0
C10730,736,16,638.14,9276.25,122,2,0.222,3,6,1,0
C10731,436,18,673.55,12499.0,99,2,0.174,1,1,0,0
C10732,923,16,533.09,8167.74,18,2,0.281,1,6,0,0
C10733,781,22,800.52,18119.57,149,0,0.63,0,3,0,0
C10734,232,4,1192.93,5023.04,31,0,0.252,0,2,1,0
C10735,681,11,870.01,9131.04,40,1,0.465,2,4,1,0
C10736,738,16,885.42,12960.73,43,1,0.06,2,7,0,0
C10737,353,9,853.87,7273.74,12,1,0.049,1,2,1,0
C10738,746,13,349.28,4763.98,69,1,0.45,1,3,0,0
C10739,901,24,438.22,11075.35,127,0,0.177,0,5,1,0
C10740,822,16,592.72,10170.08,156,0,0.255,2,1,0,0
C10741,769,21,468.87,8743.1,51,1,0.647,2,7,1,0
C10742,645,14,402.59,6174.83,59,0,0.213,1,4,0,0
C10743,292,6,279.92,1774.32,103,0,0.428,0,7,1,0
C10744,801,18,354.62,5484.1,53,0,0.178,0,3,0,0
C10745,383,6,579.14,3303.46,135,1,0.288,1,6,1,0
C10746,546,8,630.01,4989.75,56,0,0.063,1,3,1,0
C10747,335,5,454.91,2179.44,27,1,0.491,0,4,1,1
C10748,333,3,673.5,1788.6,70,0,0.483,0,3,1,0
C10749,182,6,534.72,2926.64,14,0,0.494,1,4,1,0
C10750,962,21,1061.81,19117.61,70,2,0.068,1,2,1,0
C10751,173,3,604.4,1591.85,80,3,0.412,2,4,0,1
C10752,113,5,889.2,4134.29,31,1,0.445,2,6,0,0
C10753,938,23,712.24,17954.0,77,0,0.121,0,2,0,1
C10754,568,10,345.86,3486.24,48,2,0.359,3,6,1,0
C10755,454,16,624.02,9758.17,30,4,0.367,0,6,1,1
C10756,745,16,372.76,6254.31,12,2,0.017,2,1,1,0
C10757,401,8,619.13,5014.72,16,0,0.173,0,5,1,0
C10758,154,7,464.83,2894.11,170,1,0.254,3,4,1,1
C10759,737,14,771.9,9907.35,46,0,0.117,0,5,0,1
C10760,200,4,355.28,1302.82,78,0,0.05,0,3,1,0
C10761,566,16,654.31,10782.88,51,0,0.307,1,2,1,0
C10762,950,23,840.97,19119.63,173,0,0.068,0,3,1,0
C10763,938,20,977.88,18898.03,30,2,0.194,0,2,1,0
C10764,379,10,460.86,4686.91,63,0,0.658,0,3,1,1
C10765,786,16,655.21,11961.88,39,0,0.05,1,7,1,0
C10766,624,22,706.16,14669.54,121,0,0.368,1,6,1,0
C10767,494,10,1303.98,13118.8,78,2,0.18,0,2,1,0
C10768,165,4,333.74,1327.1,61,1,0.156,2,4,0,1
C10769,395,12,431.37,5512.87,19,0,0.337,3,1,0,0
C10770,662,11,2296.13,27002.39,226,1,0.164,1,1,1,0
C10771,987,20,574.83,12286.66,52,1,0.286,1,5,1,0
C10772,34,3,277.56,758.12,25,1,0.507,1,3,1,1
C10773,726,20,500.11,9849.45,12,0,0.611,0,5,0,0
C10774,850,18,186.98,3679.83,16,0,0.359,2,2,1,0
C10775,952,18,724.43,12576.3,60,2,0.338,0,1,1,0
C10776,441,13,935.78,13932.45,122,0,0.222,1,6,1,0
C10777,144,4,431.27,1655.1,74,0,0.18,1,2,0,0
C10778,292,5,525.92,2627.76,13,0,0.155,0,1,1,0
C10779,855,11,984.98,10751.98,60,1,0.113,0,6,1,0
C10780,881,15,295.71,4347.38,148,0,0.229,0,5,1,1
C10781,647,11,358.62,4353.86,45,1,0.093,1,7,1,0
C10782,149,6,586.59,3155.56,74,0,0.259,0,5,1,1
C10783,148,4,463.32,1890.9,46,0,0.271,2,4,0,0
C10784,493,9,569.48,5307.68,86,0,0.124,1,5,0,0
C10785,600,15,368.07,6102.78,29,1,0.185,3,6,0,1
C10786,61,1,715.81,739.26,1,1,0.153,1,5,0,0
C10787,695,15,607.78,10374.86,20,2,0.312,2,3,1,0
C10788,558,12,832.23,11101.78,40,0,0.416,3,7,0,0
C10789,41,1,711.34,679.06,56,0,0.184,1,5,0,0
C10790,122,2,713.36,1580.77,41,1,0.237,1,7,1,0
C10791,470,7,339.05,2699.79,41,1,0.318,1,4,0,1
C10792,730,11,811.3,8274.25,123,0,0.066,1,4,0,0
C10793,830,20,560.08,11571.95,23,1,0.372,2,6,0,0
C10794,448,11,603.05,6199.33,61,2,0.105,2,5,0,0
C10795,316,3,1041.79,3265.61,14,1,0.062,0,6,1,0
C10796,969,19,470.23,7845.21,100,3,0.237,0,7,0,1
C10797,474,7,1193.93,8944.68,72,1,0.497,0,2,1,1
C10798,335,6,1245.12,7291.02,223,0,0.23,1,2,0,1
C10799,459,6,912.08,5615.82,22,1,0.195,2,2,0,0
C10800,41,1,418.09,358.62,179,0,0.475,3,5,1,1
C10801,322,5,243.02,1286.34,25,0,0.166,0,6,1,0
C10802,530,11,1056.22,11604.45,44,2,0.157,3,7,0,0
C10803,920,23,683.41,16309.05,17,0,0.105,1,1,1,0
C10804,746,12,464.81,5269.27,221,1,0.354,2,1,1,1
C10805,787,26,1102.21,25612.49,81,0,0.506,0,5,1,0
C10806,558,14,441.1,6055.77,82,0,0.659,0,2,1,1
C10807,137,5,537.06,3042.97,27,1,0.274,0,4,1,0
C10808,409,11,823.18,8315.53,4,2,0.118,0,1,1,0
C10809,997,17,393.8,7047.75,43,1,0.295,0,1,0,0
C10810,72,4,618.75,2140.76,36,0,0.153,0,4,1,0
C10811,882,17,1061.12,19219.33,8,0,0.531,2,5,0,0
C10812,693,14,714.78,9221.69,45,2,0.208,0,7,1,0
C10813,305,8,1139.47,8983.17,61,1,0.235,1,4,1,1
C10814,784,13,1082.57,13515.06,85,1,0.413,0,5,0,0
C10815,841,21,652.27,12106.71,5,0,0.251,2,7,1,0
C10816,71,1,227.11,216.59,18,1,0.522,1,4,0,0
C10817,133,1,395.19,377.42,28,0,0.248,0,2,1,0
C10818,675,14,916.42,12914.96,127,0,0.515,0,6,0,0
C10819,999,21,323.55,7757.37,125,0,0.328,2,1,1,1
C10820,53,1,561.13,556.08,78,1,0.368,2,2,0,0
C10821,675,12,756.94,10212.58,45,1,0.682,1,1,1,0
C10822,162,5,1259.26,6223.69,132,1,0.073,2,5,0,1
C10823,660,10,501.81,4427.28,71,1,0.135,0,2,1,0
C10824,634,10,486.58,4471.89,127,1,0.216,1,3,0,0
C10825,117,4,634.84,2468.91,80,1,0.339,0,5,1,0
C10826,690,13,761.19,9377.05,10,0,0.337,1,3,1,0
C10827,900,21,606.41,14132.22,4,1,0.051,0,3,0,0
C10828,867,26,1042.26,28551.08,41,0,0.144,1,4,1,0
C10829,58,3,453.66,1392.95,108,1,0.311,2,1,0,0
C10830,268,9,686.11,6158.74,36,0,0.404,0,7,0,1
C10831,263,12,794.19,9236.57,150,1,0.404,1,7,1,0
C10832,469,10,542.87,5611.42,102,0,0.166,2,5,0,1
C10833,168,1,948.46,841.65,141,0,0.07,0,1,1,0
C10834,858,19,695.06,11869.15,42,0,0.321,0,4,1,0
C10835,783,20,927.0,17444.93,24,0,0.16,1,3,1,0
C10836,814,17,709.33,10869.09,21,1,0.376,3,2,1,0
C10837,222,2,769.97,1621.76,86,0,0.066,2,7,0,1
C10838,44,1,489.02,419.3,11,1,0.603,1,3,0,0
C10839,913,19,489.37,8350.13,12,0,0.086,1,5,0,0
C10840,310,5,1127.72,6319.64,34,0,0.189,0,5,0,0
C10841,666,21,865.19,20880.95,69,0,0.111,1,3,1,0
C10842,912,19,410.2,7764.78,29,0,0.426,0,3,1,0
C10843,65,1,705.11,704.13,125,0,0.277,0,7,1,1
C10844,35,1,223.36,241.68,143,3,0.186,1,6,0,1
C10845,35,1,502.05,432.19,1,1,0.265,2,4,1,0
C10846,181,1,1001.68,979.75,81,0,0.223,1,4,0,0
C10847,80,3,614.41,1621.95,36,2,0.212,6,1,1,1
C10848,825,22,685.42,14631.05,112,1,0.146,1,2,1,0
C10849,617,16,167.27,3064.78,84,0,0.446,0,1,0,0
C10850,980,23,544.82,13484.33,66,0,0.072,1,6,1,0
C10851,807,25,756.87,21675.13,52,0,0.28,1,7,1,0
C10852,964,13,801.39,11187.08,12,2,0.094,2,2,1,0
C10853,261,2,1002.28,2069.57,244,5,0.72,0,2,0,1
C10854,309,7,591.32,4454.92,18,0,0.249,3,3,1,1
C10855,853,12,603.31,7585.25,180,1,0.359,0,6,1,0
C10856,267,6,356.92,2118.43,96,0,0.072,1,3,1,1
C10857,85,1,592.85,555.95,38,0,0.073,1,1,1,0
C10858,679,17,368.43,6301.22,33,0,0.338,1,5,1,0
C10859,806,17,283.0,4462.43,11,2,0.146,1,2,1,0
C10860,969,21,398.87,8342.79,60,1,0.395,1,5,1,0
C10861,929,22,1281.62,25202.41,11,1,0.222,0,6,0,0
C10862,146,3,575.49,1760.34,130,0,0.095,1,1,0,1
C10863,778,15,717.6,9941.47,71,1,0.403,1,7,0,0
C10864,850,15,515.89,7259.21,57,0,0.449,1,5,1,0
C10865,707,17,290.39,4935.19,62,0,0.364,1,1,1,0
C10866,825,19,990.51,16914.34,74,0,0.409,1,2,1,0
C10867,842,34,244.57,9468.84,44,1,0.163,0,2,1,0
C10868,463,4,506.39,1993.32,49,0,0.117,1,7,1,0
C10869,68,2,634.22,1212.23,193,2,0.134,3,6,1,0
C10870,472,12,721.04,7430.39,122,1,0.199,1,3,1,1
C10871,225,6,468.75,3102.12,93,0,0.537,1,4,1,0
C10872,140,3,284.26,884.97,38,1,0.272,0,3,1,0
C10873,151,3,453.27,1325.71,6,0,0.359,1,3,1,0
C10874,706,25,464.07,10716.07,85,4,0.35,1,5,0,0
C10875,519,9,459.01,4434.9,62,1,0.069,0,2,1,0
C10876,553,14,1005.76,15962.41,48,1,0.315,1,6,0,0
C10877,752,16,376.47,5808.14,54,0,0.048,1,7,1,1
C10878,561,9,744.28,5964.78,19,0,0.301,0,7,0,0
C10879,641,13,697.99,8010.04,25,1,0.358,0,2,1,0
C10880,113,2,1001.42,1706.24,122,2,0.173,1,3,1,1
C10881,855,17,612.2,11169.08,4,0,0.051,1,2,0,0
C10882,465,11,927.95,11681.6,110,0,0.169,2,5,1,1
C10883,180,1,601.53,690.46,155,2,0.383,0,3,1,1
C10884,818,19,790.33,16296.54,84,1,0.18,0,3,1,0
C10885,742,15,330.51,4455.22,81,0,0.012,0,1,0,0
C10886,81,3,198.29,680.12,25,0,0.284,1,4,0,0
C10887,217,3,770.37,2191.73,29,0,0.418,0,4,1,0
C10888,45,1,789.19,749.8,40,0,0.103,0,4,0,0
C10889,292,8,805.09,6802.7,15,1,0.449,1,3,1,0
C10890,126,7,513.24,3106.64,27,2,0.2,0,6,1,0
C10891,718,8,1270.73,11159.36,62,0,0.53,0,5,1,0
C10892,536,12,528.49,7288.02,38,1,0.412,0,2,1,0
C10893,980,23,785.54,19558.36,66,1,0.375,1,3,0,0
C10894,756,24,849.42,22108.76,121,1,0.252,2,5,0,0
C10895,623,21,1408.68,28608.85,66,1,0.264,0,1,0,0
C10896,524,11,563.58,5392.07,81,0,0.329,1,3,0,1
C10897,82,1,484.46,527.0,10,1,0.265,0,7,1,0
C10898,98,1,331.23,340.88,120,1,0.145,1,4,0,1
C10899,627,18,1307.06,26416.24,10,1,0.404,0,4,1,0
C10900,34,1,785.73,695.21,36,2,0.455,1,5,0,1
C10901,71,1,797.0,750.4,20,1,0.054,1,3,1,1
C10902,242,7,2642.52,17724.38,6,0,0.286,1,6,0,0
C10903,887,22,752.38,17462.47,63,0,0.424,2,1,0,0
C10904,475,15,361.74,5894.5,87,0,0.354,2,4,1,0
C10905,718,25,595.15,16936.57,158,1,0.296,0,5,1,0
C10906,429,11,419.19,4328.07,71,1,0.337,2,2,1,0
C10907,197,3,543.94,1628.7,26,1,0.143,0,6,1,0
C10908,390,7,542.29,3259.61,38,2,0.73,0,1,0,0
C10909,118,4,499.1,1848.46,8,0,0.092,0,5,1,0
C10910,777,12,347.23,4009.26,41,0,0.161,0,5,1,1
C10911,208,6,1330.88,8210.0,56,1,0.341,1,6,1,0
C10912,395,7,743.56,5159.4,84,0,0.26,2,2,1,0
C10913,980,20,587.28,11268.05,101,0,0.618,1,2,1,0
C10914,604,20,914.07,18961.9,82,0,0.147,0,5,0,0
C10915,474,15,803.48,13240.36,24,0,0.164,2,7,0,0
C10916,556,11,735.86,7467.17,17,1,0.116,1,6,0,0
C10917,790,21,884.68,17702.55,96,1,0.523,0,2,1,0
C10918,276,3,690.38,2198.47,6,0,0.126,1,3,1,0
C10919,647,12,878.81,11425.05,211,2,0.493,0,2,1,0
C10920,876,21,912.21,21026.44,29,0,0.386,0,6,1,0
C10921,585,14,699.38,8937.51,132,1,0.214,0,4,1,0
C10922,463,7,588.63,4168.95,34,0,0.197,1,4,1,0
C10923,170,1,1294.2,1449.51,88,1,0.266,0,1,1,1
C10924,270,8,524.22,4057.82,18,0,0.367,1,5,1,0
C10925,947,17,775.16,12900.53,59,2,0.462,1,4,1,0
C10926,555,10,783.08,8969.77,9,1,0.444,2,1,1,0
C10927,322,6,494.07,2620.3,74,2,0.158,2,2,0,0
C10928,435,11,451.9,5277.51,18,0,0.584,1,6,1,0
C10929,590,9,554.32,5512.99,21,1,0.212,0,6,0,0
C10930,551,8,520.86,3730.35,39,1,0.448,0,4,1,0
C10931,708,22,337.25,7896.84,47,2,0.217,0,6,1,0
C10932,279,5,484.83,2402.14,84,1,0.389,0,6,1,0
C10933,659,14,732.73,11344.23,78,4,0.567,0,5,1,0
C10934,459,13,1149.0,16762.83,64,1,0.359,1,2,1,0
C10935,942,26,834.18,24112.29,109,1,0.615,1,3,0,0
C10936,183,3,201.78,526.23,76,0,0.083,0,6,0,0
C10937,173,4,867.45,3737.17,80,0,0.224,2,3,1,0
C10938,477,9,505.63,5126.14,21,1,0.192,1,5,1,0
C10939,523,11,797.0,9086.16,116,0,0.491,1,6,1,0
C10940,700,19,645.88,12643.1,106,0,0.343,2,4,0,0
C10941,421,9,596.01,4631.9,66,2,0.197,3,4,1,1
C10942,916,20,620.77,13741.49,103,2,0.227,0,2,1,0
C10943,489,6,643.47,3335.44,55,0,0.682,3,4,1,1
C10944,155,3,1190.29,3371.09,163,0,0.198,4,1,0,0
C10945,145,1,644.27,726.58,61,0,0.265,2,1,1,1
C10946,974,19,1059.41,22844.64,54,1,0.071,0,4,1,0
C10947,160,6,992.21,6831.78,77,2,0.515,1,2,1,0
C10948,949,24,877.56,20912.34,187,5,0.303,1,3,0,0
C10949,299,6,290.9,1576.5,35,1,0.207,2,3,1,1
C10950,120,1,1074.33,1070.44,73,1,0.165,0,4,0,1
C10951,325,6,528.96,2795.11,37,0,0.267,0,5,0,0
C10952,626,17,896.99,16953.05,53,0,0.326,0,4,1,0
C10953,445,4,419.61,1708.92,26,0,0.025,1,6,0,0
C10954,792,20,381.34,7408.31,79,0,0.211,0,4,0,0
C10955,622,11,1581.85,15205.46,57,0,0.344,1,7,1,0
C10956,418,9,422.56,3694.93,101,0,0.332,0,7,0,1
C10957,645,13,1088.68,15707.64,122,2,0.347,1,3,1,0
C10958,972,12,685.58,8728.98,135,0,0.459,0,6,1,0
C10959,429,15,538.03,7059.52,38,1,0.275,4,4,1,0
C10960,178,4,637.02,2288.1,77,0,0.06,2,7,0,1
C10961,426,14,361.94,4903.45,141,1,0.418,0,6,0,0
C10962,844,16,645.99,9099.8,26,3,0.126,1,3,1,0
C10963,241,7,399.31,3159.14,62,1,0.356,0,3,0,1
C10964,950,22,544.04,12515.71,28,0,0.126,0,7,0,0
C10965,600,11,985.71,9524.83,185,2,0.302,1,4,0,0
C10966,613,11,728.77,8709.23,140,0,0.244,1,5,1,0
C10967,337,5,333.62,1602.25,87,0,0.503,1,5,1,0
C10968,922,23,953.5,20251.97,86,0,0.217,1,2,1,0
C10969,64,1,647.93,661.53,30,0,0.357,1,2,1,1
C10970,319,1,509.28,434.93,152,1,0.663,2,7,1,1
C10971,435,10,909.57,9001.28,45,0,0.41,1,2,1,0
C10972,492,6,602.89,3990.44,33,0,0.154,2,7,1,0
C10973,489,6,384.68,2604.48,127,1,0.118,1,3,0,1
C10974,173,4,1492.92,5689.62,41,0,0.222,0,6,1,0
C10975,248,6,644.96,4035.12,34,2,0.542,1,5,1,0
C10976,122,1,626.63,575.28,105,1,0.112,1,1,0,1
C10977,585,10,541.68,5514.65,19,1,0.185,3,2,1,0
C10978,370,3,1105.39,3071.46,88,4,0.414,4,7,0,1
C10979,578,11,513.26,5766.72,63,1,0.163,3,2,0,0
C10980,602,13,324.32,3800.94,99,0,0.253,0,2,1,1
C10981,710,19,478.94,10304.41,81,1,0.139,0,2,1,0
C10982,560,9,1180.89,11861.66,266,2,0.607,1,5,1,1
C10983,658,19,945.23,17080.72,68,3,0.547,1,6,1,0
C10984,599,15,579.53,9414.45,41,1,0.328,0,7,1,0
C10985,662,14,1205.85,14833.3,58,1,0.132,0,7,1,0
C10986,628,13,910.09,12684.3,80,0,0.523,0,7,1,0
C10987,336,4,576.52,2155.58,178,0,0.04,1,7,1,0
C10988,268,7,603.24,3761.11,92,0,0.102,1,4,1,1
C10989,793,16,753.83,12706.04,29,1,0.252,0,6,1,0
C10990,362,6,447.03,2657.88,300,0,0.141,1,5,1,1
C10991,562,11,651.32,7229.3,118,1,0.454,2,1,1,1
C10992,221,5,746.8,3757.0,27,0,0.054,0,1,0,0
C10993,448,8,304.25,2112.31,21,1,0.109,2,1,0,0
C10994,543,15,596.92,7748.74,17,3,0.317,1,3,0,0
C10995,637,7,567.13,4090.4,55,1,0.171,0,4,1,0
C10996,540,11,1032.36,11777.94,57,1,0.05,1,5,1,0
C10997,379,10,283.43,2449.27,32,0,0.327,0,4,0,1
C10998,962,28,547.46,14769.86,15,0,0.132,0,3,0,0
C10999,527,12,523.31,6492.32,21,2,0.467,2,6,0,0
C11000,814,15,1001.25,15724.69,93,1,0.412,1,7,1,0
C11001,744,17,637.39,11902.75,45,1,0.205,1,2,1,0
C11002,571,15,1458.57,21358.27,24,2,0.246,1,2,1,0
C11003,889,18,875.65,15989.89,63,1,0.243,3,7,0,0
C11004,154,1,540.43,553.17,72,0,0.371,0,7,0,1
C11005,923,12,724.02,8198.34,78,1,0.392,1,3,0,0
C11006,854,11,554.26,5280.78,61,2,0.313,2,4,0,0
C11007,518,13,956.9,10589.52,54,1,0.223,0,5,0,0
C11008,741,22,356.91,8643.8,134,0,0.486,0,5,1,0
C11009,534,15,448.68,6124.95,22,1,0.464,2,7,0,0
C11010,290,3,797.94,2487.36,48,0,0.383,2,1,0,0
C11011,805,28,1128.41,32325.79,8,1,0.037,0,4,0,0
C11012,268,6,241.31,1404.26,43,0,0.297,0,2,0,0
C11013,335,8,1206.51,10617.75,66,0,0.19,1,6,1,0
C11014,533,14,610.28,9052.46,105,1,0.253,1,5,0,0
C11015,842,27,278.45,6441.72,8,1,0.111,1,6,1,0
C11016,402,6,168.38,1094.14,65,0,0.477,1,7,0,0
C11017,509,13,326.6,4254.71,196,0,0.073,2,6,0,1
C11018,70,1,644.26,614.69,83,0,0.197,2,6,0,0
C11019,142,4,631.01,2695.84,18,1,0.123,2,6,1,0
C11020,84,2,864.29,1825.07,43,0,0.106,2,5,0,1
C11021,99,2,507.6,957.51,85,0,0.49,0,3,0,1
C11022,872,18,394.79,8135.99,34,0,0.359,0,3,0,0
C11023,846,18,539.74,10148.75,71,1,0.49,1,3,1,0
C11024,827,16,659.91,10893.62,67,1,0.119,0,5,0,0
C11025,83,1,721.13,628.08,55,1,0.286,1,6,0,1
C11026,105,3,455.71,1276.62,16,0,0.45,0,3,1,1
C11027,302,5,975.18,4798.34,31,2,0.082,3,5,1,0
C11028,578,10,491.44,5106.98,210,2,0.108,2,3,0,1
C11029,354,8,439.48,3529.3,41,1,0.246,0,5,0,0
C11030,502,10,509.23,5494.13,45,1,0.252,0,6,1,0
C11031,197,6,1054.32,5875.33,45,2,0.016,1,3,1,0
C11032,738,15,612.29,9741.35,103,1,0.037,1,3,0,0
C11033,334,9,475.54,4686.36,47,2,0.551,1,2,0,1
C11034,94,2,986.06,2128.93,56,1,0.041,2,4,1,0
C11035,750,19,1704.81,35023.32,65,2,0.118,1,4,0,0
C11036,905,16,714.32,12761.21,111,1,0.309,0,2,1,0
C11037,44,2,1132.52,1982.48,56,0,0.182,0,7,1,0
C11038,453,8,1036.09,8779.06,61,0,0.131,0,7,0,0
C11039,832,24,494.94,13548.73,35,0,0.081,0,3,1,0
C11040,714,17,657.84,11430.38,72,0,0.312,2,7,1,0
C11041,860,13,364.97,4342.24,88,1,0.647,2,2,0,1
C11042,432,12,592.74,8177.15,92,0,0.008,0,3,1,0
C11043,391,11,490.38,4867.73,188,2,0.218,0,1,1,0
C11044,717,17,542.22,8763.0,29,1,0.651,2,5,1,0
C11045,179,5,463.83,2090.99,58,1,0.421,0,4,1,0
C11046,262,10,571.22,5651.39,47,0,0.23,1,2,0,0
C11047,612,10,825.9,8058.0,166,0,0.15,0,3,1,0
C11048,678,18,615.97,11058.33,95,1,0.311,0,7,1,0
C11049,146,2,280.9,633.93,12,1,0.056,0,5,1,0
C11050,523,9,464.62,4154.39,33,0,0.395,2,2,0,0
C11051,383,5,328.08,1647.6,43,1,0.521,2,1,0,0
C11052,516,12,725.46,9715.4,14,0,0.604,2,1,1,0
C11053,959,19,815.23,16965.93,61,1,0.152,0,2,0,0
C11054,104,4,729.54,2690.3,37,1,0.553,2,6,0,1
C11055,995,15,456.07,5841.42,194,0,0.579,1,1,1,1
C11056,466,9,726.37,6791.3,71,2,0.384,0,2,1,0
C11057,778,11,526.06,6385.32,41,1,0.196,1,1,1,0
C11058,441,11,389.46,4351.98,24,0,0.304,0,5,0,0
C11059,331,6,907.63,4973.92,54,1,0.12,2,6,1,0
C11060,777,14,939.25,14101.61,156,1,0.278,0,4,1,0
C11061,697,12,996.23,12562.8,48,2,0.094,0,7,0,0
C11062,169,3,494.34,1511.95,54,0,0.287,0,5,0,0
C11063,714,17,1105.09,20834.28,122,0,0.167,0,6,1,0
C11064,760,23,520.54,12993.34,70,2,0.196,0,3,1,0
C11065,406,6,872.23,5497.07,101,0,0.255,0,7,1,1
C11066,927,25,516.49,13550.47,75,0,0.262,1,5,0,0
C11067,651,15,587.68,9244.15,72,3,0.281,1,1,0,0
C11068,353,7,218.64,1542.03,11,1,0.215,0,1,1,0
C11069,40,1,567.43,561.29,21,0,0.035,0,7,0,0
C11070,684,20,677.2,14395.65,64,0,0.269,3,2,1,0
C11071,232,5,540.48,2791.98,26,1,0.1,1,4,0,0
C11072,763,14,1432.62,19996.39,54,0,0.335,0,6,1,0
C11073,539,12,385.24,4105.11,19,0,0.234,1,6,1,0
C11074,482,4,504.4,2139.82,123,1,0.489,1,1,1,1
C11075,188,2,432.59,903.07,29,0,0.304,0,5,1,1
C11076,720,23,504.35,11051.07,24,0,0.49,1,7,0,0
C11077,190,4,1033.92,3957.42,15,0,0.256,1,3,1,0
C11078,435,9,1264.06,10512.11,91,0,0.101,0,4,1,0
C11079,841,20,474.19,10798.01,54,1,0.348,1,2,0,0
C11080,922,19,469.48,9884.03,120,0,0.57,1,6,1,0
C11081,989,19,386.16,7471.42,36,1,0.549,0,1,1,0
C11082,959,17,1170.05,19303.99,20,1,0.515,0,4,1,0
C11083,569,16,1076.45,18446.87,52,1,0.517,1,3,0,0
C11084,224,9,619.73,5623.97,136,1,0.091,0,5,0,0
C11085,843,20,346.79,7925.92,11,1,0.014,1,4,0,0
C11086,807,17,361.03,5318.38,69,0,0.573,1,7,0,0
C11087,990,17,701.88,10264.89,74,0,0.099,0,7,1,0
C11088,661,19,832.28,16138.81,152,2,0.452,1,2,1,0
C11089,167,6,256.52,1402.11,27,1,0.099,1,1,0,0
C11090,517,13,562.5,7541.32,10,3,0.096,2,4,1,0
C11091,464,10,1346.42,14600.94,39,1,0.113,1,5,0,0
C11092,847,19,589.39,9982.63,100,0,0.073,0,6,1,1
C11093,410,10,1270.68,12480.4,57,1,0.497,2,4,1,0
C11094,348,7,870.48,6438.24,80,0,0.419,1,5,1,0
C11095,107,4,399.03,1755.99,21,1,0.37,0,1,1,0
C11096,840,21,569.79,11952.47,45,0,0.09,0,6,0,0
C11097,762,17,613.43,9509.01,58,1,0.208,1,3,0,0
C11098,69,1,423.41,434.31,13,1,0.257,0,3,0,0
C11099,450,11,420.12,4558.26,58,1,0.095,1,3,0,1
C11100,495,18,1280.52,24929.67,42,1,0.276,1,1,1,0
C11101,485,10,418.7,4256.81,300,1,0.247,1,4,1,1
C11102,921,23,1056.03,22681.43,55,0,0.18,1,3,0,0
C11103,176,4,534.08,2299.36,158,0,0.231,2,2,1,0
C11104,327,3,642.54,1937.88,79,2,0.043,1,2,1,1
C11105,205,1,836.98,756.01,50,0,0.381,0,1,1,1
C11106,266,4,496.52,2023.66,142,0,0.454,1,7,0,1
C11107,909,22,839.27,20947.27,18,1,0.23,0,3,0,0
C11108,942,26,258.81,7143.94,38,1,0.11,1,7,1,0
C11109,73,3,792.22,2233.21,105,2,0.386,1,6,1,0
C11110,643,16,214.03,3641.12,4,0,0.027,1,4,1,0
C11111,255,8,586.92,4389.14,53,1,0.235,1,6,1,0
C11112,216,3,954.69,2900.75,53,1,0.087,1,2,1,0
C11113,313,3,860.06,2600.77,67,0,0.06,1,2,0,1
C11114,218,6,362.38,2009.51,46,1,0.232,3,7,0,1
C11115,505,3,383.99,1099.4,102,1,0.503,0,5,0,0
C11116,995,14,476.79,7560.54,28,1,0.246,0,5,0,0
C11117,598,14,706.82,9155.1,112,0,0.171,1,7,0,0
C11118,731,10,260.5,2840.25,21,0,0.076,2,1,0,0
C11119,508,11,646.14,7464.42,71,0,0.521,2,2,1,0
C11120,43,1,747.79,755.11,131,1,0.044,3,7,0,1
C11121,111,1,572.27,510.04,26,0,0.544,0,1,1,1
C11122,290,7,823.34,5252.58,32,0,0.158,0,4,1,0
C11123,266,5,718.85,3248.1,115,0,0.339,1,1,1,1
C11124,845,18,509.4,9407.95,63,0,0.194,1,3,0,1
C11125,848,19,271.97,5901.28,10,0,0.284,0,2,0,0
C11126,858,19,690.22,14598.34,65,1,0.367,1,2,0,0
C11127,648,11,423.3,3993.13,90,1,0.304,1,6,1,0
C11128,569,14,501.06,6538.66,118,2,0.263,1,2,1,1
C11129,659,14,806.4,10128.77,70,0,0.071,1,6,0,0
C11130,424,13,1230.0,18271.83,81,0,0.596,2,7,0,0
C11131,680,14,638.96,8235.92,168,0,0.319,0,4,1,0
C11132,800,19,834.06,14427.14,107,0,0.614,0,4,1,0
C11133,770,13,339.32,4571.12,44,1,0.065,0,3,1,0
C11134,625,23,725.93,16977.82,49,0,0.105,0,5,0,0
C11135,86,2,632.71,1161.35,127,0,0.06,2,6,1,0
C11136,733,17,1130.17,20194.85,69,0,0.367,2,7,0,0
C11137,385,10,509.67,4480.52,61,0,0.627,4,2,1,0
C11138,751,17,583.03,8482.38,43,0,0.399,0,5,0,0
C11139,553,15,1046.74,13734.14,124,1,0.421,1,1,1,0
C11140,884,15,623.63,8975.22,27,2,0.135,1,4,0,0
C11141,358,6,394.65,2705.34,38,1,0.341,1,1,0,0
C11142,933,28,2049.21,58191.16,123,2,0.209,2,4,0,0
C11143,849,16,400.06,6890.11,122,0,0.28,0,6,0,0
C11144,351,5,631.35,2987.7,239,1,0.139,3,6,1,1
C11145,498,17,759.74,13765.45,54,1,0.114,2,6,1,0
C11146,545,10,733.19,8357.3,44,0,0.185,2,5,1,0
C11147,775,20,596.8,11426.67,48,2,0.308,1,5,0,0
C11148,698,11,598.14,7564.61,11,2,0.574,0,1,0,0
C11149,856,23,584.79,14008.66,5,1,0.028,1,6,1,0
C11150,388,8,393.39,3381.82,70,0,0.153,2,5,0,0
C11151,519,14,1710.55,22167.19,41,1,0.511,0,2,1,0
C11152,447,14,588.74,8596.18,29,1,0.111,1,5,1,0
C11153,912,30,850.3,25593.23,60,0,0.453,0,3,1,0
C11154,325,6,559.13,3814.12,71,0,0.523,1,4,0,0
C11155,599,15,554.09,9320.37,51,2,0.173,1,6,1,0
C11156,146,3,529.55,1539.4,52,0,0.521,0,3,0,0
C11157,854,15,323.61,5504.9,41,0,0.23,2,7,0,0
C11158,402,8,604.68,5395.89,95,0,0.28,0,3,1,1
C11159,360,8,541.22,4447.16,36,1,0.268,1,4,1,0
C11160,595,15,1101.2,14447.23,24,0,0.4,1,1,0,0
C11161,513,10,379.35,3407.46,39,0,0.342,0,1,0,1
C11162,852,20,501.33,8753.85,67,1,0.376,1,2,1,0
C11163,545,10,433.84,3828.2,99,0,0.43,2,7,1,0
C11164,531,9,1244.03,12798.3,191,1,0.419,1,2,1,0
C11165,131,3,439.54,1204.76,61,0,0.548,1,3,1,1
C11166,51,2,837.15,1770.16,159,0,0.197,1,6,1,0
C11167,416,6,1005.81,6282.04,33,1,0.142,1,3,0,0
C11168,998,28,608.63,17712.12,28,1,0.119,1,6,1,0
C11169,919,28,349.82,8933.11,79,0,0.312,1,1,0,1
C11170,640,12,351.81,4322.21,87,1,0.196,0,1,1,0
C11171,641,16,957.06,15889.67,66,0,0.247,1,1,0,0
C11172,409,9,368.6,3387.47,300,0,0.295,1,1,0,1
C11173,202,6,775.4,4214.37,35,1,0.383,2,5,1,0
C11174,38,2,684.32,1460.23,139,1,0.236,1,1,1,1
C11175,358,7,770.22,4701.28,29,0,0.274,2,5,1,0
C11176,336,5,803.67,4128.29,92,0,0.241,2,5,1,0
C11177,215,3,427.02,1256.56,59,0,0.034,1,2,0,0
C11178,281,5,419.05,1938.29,69,1,0.217,0,1,0,1
C11179,54,2,896.67,1958.72,79,1,0.502,1,2,0,1
C11180,619,12,489.69,5304.92,60,1,0.048,1,2,0,0
C11181,929,27,188.56,5752.43,52,1,0.175,1,4,1,0
C11182,700,11,870.36,10678.5,9,2,0.614,0,7,1,0
C11183,464,13,407.75,5079.05,110,0,0.259,0,4,1,0
C11184,437,8,802.06,6041.41,17,1,0.399,0,5,0,1
C11185,328,6,1216.51,6505.26,42,0,0.067,0,3,1,0
C11186,168,3,654.92,2210.16,73,0,0.403,1,1,1,0
C11187,610,14,1017.46,14789.43,21,1,0.098,2,2,0,0
C11188,579,11,696.58,6586.08,52,2,0.552,1,4,1,0
C11189,37,1,1327.85,1332.23,101,0,0.188,3,7,1,0
C11190,433,9,403.04,3176.62,41,1,0.508,0,2,1,1
C11191,299,10,647.6,6619.28,52,0,0.102,0,7,1,0
C11192,195,1,879.98,882.35,25,0,0.328,1,5,1,0
C11193,711,26,596.62,13570.84,45,1,0.44,1,3,1,0
C11194,540,13,1091.68,15536.63,18,0,0.255,0,5,1,0
C11195,644,15,535.15,7454.87,66,0,0.466,1,5,0,0
C11196,722,18,1649.44,30059.42,14,0,0.112,1,5,1,0
C11197,982,17,1689.12,29912.79,34,2,0.253,1,7,0,0
C11198,808,16,737.97,13445.12,59,1,0.197,0,5,0,0
C11199,631,12,833.51,9983.55,49,3,0.194,2,1,0,1
C11200,882,22,1111.23,27507.7,76,0,0.172,0,3,0,0
C11201,493,17,380.97,6194.49,52,1,0.375,0,7,1,0
C11202,985,13,360.17,5184.29,9,1,0.321,2,2,1,0
C11203,768,25,1144.09,26335.46,20,2,0.191,0,4,1,0
C11204,661,17,735.29,13277.97,57,0,0.431,0,4,1,0
C11205,906,14,587.01,7203.89,121,2,0.628,1,4,0,0
C11206,529,12,653.26,8982.18,106,3,0.253,1,7,1,0
C11207,729,14,222.13,3533.32,300,0,0.075,1,4,1,1
C11208,306,13,596.58,7621.09,37,2,0.187,0,1,1,0
C11209,964,19,463.17,8863.42,99,0,0.497,0,2,0,0
C11210,634,15,982.5,15169.79,94,0,0.035,0,5,1,0
C11211,788,18,1017.13,17072.73,163,2,0.124,2,6,1,0
C11212,476,16,842.59,14187.08,134,0,0.384,1,5,0,0
C11213,870,20,776.6,16457.22,70,0,0.475,0,6,0,0
C11214,101,1,331.35,333.84,88,1,0.243,0,2,1,1
C11215,140,4,847.9,3033.18,76,0,0.41,2,1,1,0
C11216,521,13,862.82,12627.22,55,0,0.323,1,7,0,0
C11217,740,19,1138.32,19130.33,83,1,0.25,0,4,1,0
C11218,814,21,1686.09,36780.0,65,0,0.46,2,6,0,0
C11219,456,12,303.48,3208.12,63,0,0.122,0,7,0,1
C11220,660,11,545.75,5365.89,168,1,0.278,0,2,0,1
C11221,566,17,465.43,6774.22,71,0,0.517,2,7,0,0
C11222,962,12,702.47,8084.1,61,0,0.391,0,3,0,1
C11223,664,12,653.93,8175.76,50,0,0.461,1,5,1,0
C11224,434,6,585.01,3532.75,47,2,0.275,2,3,1,0
C11225,970,19,1032.14,20637.51,20,1,0.679,1,2,0,0
C11226,134,1,395.97,416.76,55,1,0.542,2,7,1,1
C11227,985,14,406.86,5081.16,125,0,0.649,0,3,0,0
C11228,179,2,409.96,711.04,36,3,0.513,0,1,1,0
C11229,309,8,552.71,4587.97,5,2,0.112,1,2,1,0
C11230,826,17,373.94,6649.19,81,0,0.438,1,7,1,0
C11231,741,22,635.95,14228.9,67,1,0.182,0,6,0,0
C11232,971,21,603.35,11703.97,166,1,0.171,0,5,1,0
C11233,757,14,456.25,6983.0,33,0,0.366,2,6,1,0
C11234,647,13,963.11,10926.65,18,0,0.259,0,5,1,0
C11235,366,10,632.83,6579.49,48,1,0.165,2,7,1,0
C11236,34,1,1048.55,929.14,42,1,0.066,2,1,0,0
C11237,150,4,595.38,2491.87,11,0,0.214,0,1,0,0
C11238,318,5,642.96,3135.45,61,1,0.448,1,5,0,0
C11239,69,1,504.58,537.6,39,1,0.036,2,7,1,1
C11240,522,8,647.94,4487.15,146,1,0.105,0,5,1,0
C11241,784,24,895.58,21849.1,62,1,0.224,1,7,0,0
C11242,964,13,540.16,6273.97,29,0,0.378,0,3,0,0
C11243,505,15,820.78,12985.33,56,3,0.307,0,5,0,0
C11244,878,17,450.9,6791.35,66,1,0.151,1,4,1,0
C11245,985,13,914.65,10369.36,87,3,0.126,0,7,1,0
C11246,864,23,500.7,12252.4,58,1,0.234,1,5,1,0
C11247,481,10,953.58,8287.18,211,0,0.454,1,4,1,1
C11248,345,8,668.08,4902.95,19,2,0.337,1,2,1,0
C11249,978,13,1288.72,18385.48,39,1,0.461,0,3,0,0
C11250,264,4,386.7,1690.51,29,2,0.544,0,1,1,0
C11251,429,17,334.52,6291.0,44,0,0.569,2,2,1,0
C11252,101,2,492.59,933.78,72,0,0.247,0,4,0,1
C11253,799,21,348.59,7381.99,68,1,0.282,0,1,0,0
C11254,660,8,348.88,3019.92,85,1,0.374,0,4,1,1
C11255,112,1,859.77,766.14,62,1,0.2,0,1,1,1
C11256,245,2,648.78,1384.91,64,1,0.513,1,2,0,1
C11257,568,18,523.8,8289.88,63,0,0.521,1,5,0,0
C11258,554,19,546.12,11662.68,40,0,0.496,1,1,0,0
C11259,807,17,496.81,8793.68,38,1,0.274,0,3,1,0
C11260,288,8,1366.0,10906.05,29,1,0.611,1,2,0,0
C11261,926,23,466.84,10688.13,88,1,0.322,4,1,0,0
C11262,461,12,358.53,3891.09,6,1,0.069,1,2,1,0
C11263,827,18,930.01,15966.37,63,1,0.451,0,1,1,0
C11264,261,9,589.86,5670.46,100,1,0.487,1,1,0,0
C11265,65,3,1626.88,4940.59,119,1,0.109,1,5,0,1
C11266,83,2,512.95,1034.92,4,2,0.104,0,1,1,0
C11267,391,10,951.14,8641.81,41,1,0.179,2,7,0,0
C11268,954,22,1057.82,24601.08,30,1,0.315,0,4,0,0
C11269,77,2,514.08,994.86,39,1,0.229,1,3,1,0
C11270,387,8,465.29,3368.05,136,0,0.21,2,7,1,1
C11271,136,4,907.4,4112.83,31,1,0.298,0,6,1,0
C11272,933,17,841.91,14341.66,100,0,0.104,0,3,0,1
C11273,685,17,344.54,5906.44,64,0,0.13,0,7,1,0
C11274,769,11,391.18,4924.38,37,1,0.052,1,4,0,0
C11275,721,16,207.59,3188.32,34,0,0.386,2,5,1,1
C11276,667,11,849.71,10589.06,69,2,0.184,1,7,0,0
C11277,780,15,577.76,9173.19,54,1,0.511,1,6,0,1
C11278,37,1,604.26,628.39,10,1,0.481,0,5,0,0
C11279,869,15,303.63,4191.58,25,0,0.409,0,5,0,0
C11280,747,22,396.56,7551.13,70,0,0.393,0,5,1,0
C11281,747,13,524.21,6687.53,18,1,0.154,0,7,1,0
C11282,411,10,480.31,4097.29,110,1,0.374,4,5,1,0
C11283,806,12,685.4,7166.27,13,1,0.373,0,3,0,0
C11284,400,7,845.17,6085.38,46,0,0.195,1,1,1,0
C11285,77,2,1804.97,3853.04,90,0,0.186,0,6,1,0
C11286,910,16,644.17,9280.01,23,0,0.657,3,4,1,0
C11287,257,4,1073.74,4594.53,17,1,0.394,1,3,0,0
C11288,128,3,447.41,1523.32,79,1,0.18,0,7,1,0
C11289,633,14,305.9,4595.03,102,1,0.248,2,2,1,0
C11290,256,2,554.71,1204.18,49,0,0.099,2,1,1,0
C11291,862,24,316.71,8058.73,40,0,0.076,0,6,1,0
C11292,460,13,654.31,7803.61,13,1,0.294,2,7,0,0
C11293,34,2,457.5,876.81,60,2,0.092,0,6,0,0
C11294,953,17,269.76,5204.01,9,0,0.206,0,7,0,0
C11295,529,20,1419.68,29766.8,138,0,0.199,2,7,1,0
C11296,285,8,510.34,4436.72,50,0,0.223,0,5,1,0
C11297,686,13,311.08,4612.67,25,2,0.075,0,7,0,0
C11298,544,9,973.75,8057.66,34,1,0.207,2,3,1,0
C11299,58,1,468.29,443.24,63,2,0.502,0,6,0,0
C11300,766,14,1061.62,15508.32,39,1,0.371,1,1,0,0
C11301,419,9,467.29,3605.5,56,0,0.246,1,4,1,0
C11302,708,14,509.57,7286.4,22,0,0.249,0,3,0,0
C11303,898,18,759.11,14929.35,121,1,0.046,1,7,1,1
C11304,622,13,848.88,11401.08,34,0,0.26,3,4,1,0
C11305,681,14,918.54,12070.21,6,0,0.215,1,2,1,0
C11306,277,4,624.27,2664.96,42,1,0.146,1,4,0,0
C11307,260,6,824.56,4422.0,30,1,0.22,1,1,0,0
C11308,432,10,909.15,10168.22,115,0,0.387,1,1,1,0
C11309,857,21,711.4,13150.77,25,1,0.349,1,4,0,0
C11310,538,12,609.58,8112.64,38,1,0.088,1,5,1,0
C11311,367,7,339.2,2372.84,65,1,0.254,2,5,1,1
C11312,786,24,851.16,19990.56,86,1,0.398,1,1,0,0
C11313,857,17,662.45,11263.89,144,1,0.611,0,5,0,0
C11314,905,25,539.61,12276.96,27,0,0.196,0,1,0,0
C11315,319,3,1155.13,3421.4,133,1,0.328,1,6,0,1
C11316,718,16,341.88,6043.98,112,0,0.085,2,1,1,0
C11317,602,16,1362.11,23761.44,30,2,0.335,0,1,1,1
C11318,465,12,643.52,6941.63,27,1,0.438,2,4,1,1
C11319,415,11,749.84,8677.37,75,0,0.434,1,6,0,0
C11320,141,2,544.14,1204.78,55,1,0.411,1,6,1,0
C11321,296,3,306.98,1009.29,75,0,0.257,1,5,1,0
C11322,563,18,610.42,10742.42,43,0,0.251,0,2,0,0
C11323,889,16,755.67,10451.56,59,0,0.303,3,7,1,0
C11324,870,19,881.19,18908.28,51,0,0.433,1,1,0,0
C11325,211,5,594.58,2880.04,74,0,0.349,1,3,0,0
C11326,688,12,242.34,2786.79,26,1,0.597,1,6,1,1
C11327,112,3,324.8,1050.26,62,1,0.477,1,5,1,0
C11328,684,10,1636.61,15207.24,142,0,0.367,0,6,0,1
C11329,361,10,397.55,4374.74,136,1,0.474,1,6,0,0
C11330,466,3,1235.39,3234.8,68,0,0.108,4,7,1,0
C11331,726,12,426.94,5493.25,25,1,0.442,0,4,0,0
C11332,442,6,598.76,4094.57,188,0,0.312,0,6,1,1
C11333,813,19,861.19,18796.23,74,1,0.533,1,2,0,0
C11334,547,7,449.39,3545.68,176,1,0.244,0,2,1,1
C11335,998,20,1330.71,29574.46,77,2,0.216,1,1,1,0
C11336,649,13,672.53,8162.92,3,1,0.523,2,2,0,0
C11337,317,6,799.79,5470.54,188,0,0.108,1,1,1,1
C11338,782,18,576.25,11704.01,101,0,0.215,0,6,0,0
C11339,425,11,874.28,9716.25,57,0,0.452,0,4,0,0
C11340,548,11,1322.7,14122.28,10,1,0.259,1,4,0,0
C11341,162,4,612.71,2163.55,109,1,0.289,2,5,1,1
C11342,145,1,1415.65,1454.14,76,1,0.585,2,3,1,1
C11343,587,5,493.61,2616.54,224,1,0.334,0,4,1,1
C11344,211,3,916.73,2670.98,165,0,0.318,0,1,1,1
C11345,997,16,810.03,12595.11,173,0,0.222,0,5,1,0
C11346,860,19,401.86,7803.27,67,1,0.024,0,7,1,0
C11347,709,13,715.65,7985.48,64,2,0.025,0,1,1,0
C11348,742,19,652.16,14093.07,77,0,0.423,3,1,0,0
C11349,607,11,442.76,4563.39,32,1,0.144,2,1,1,0
C11350,88,2,763.62,1362.71,59,2,0.058,3,5,1,1
C11351,410,8,694.23,4729.91,50,1,0.234,1,6,0,1
C11352,510,17,629.11,11839.94,130,1,0.411,0,6,1,0
C11353,917,24,630.25,16774.16,149,0,0.229,2,6,0,0
C11354,242,3,624.2,1645.25,92,4,0.229,0,5,0,0
C11355,512,11,550.87,5427.39,28,1,0.657,1,5,0,0
C11356,363,5,692.22,3407.01,196,1,0.125,2,2,0,1
C11357,160,7,486.49,3084.34,109,1,0.076,0,6,0,1
C11358,129,4,2148.52,9202.08,73,0,0.354,2,2,0,1
C11359,384,7,344.73,2093.16,86,0,0.102,2,7,1,1
C11360,109,3,499.62,1521.21,16,1,0.056,2,1,1,0
C11361,95,2,517.7,998.99,50,0,0.399,1,7,0,0
C11362,370,5,1628.14,8055.09,138,0,0.243,2,4,1,0
C11363,225,6,358.85,2104.5,15,0,0.425,1,5,1,0
C11364,568,15,787.32,10580.96,14,1,0.197,1,2,0,0
C11365,47,1,726.87,665.87,109,0,0.083,0,3,1,0
C11366,322,3,755.28,1970.02,82,0,0.114,1,7,1,1
C11367,469,9,1133.8,9026.49,15,0,0.486,1,1,0,0
C11368,964,16,1123.38,20551.0,46,0,0.313,1,2,1,0
C11369,645,15,530.62,7433.48,73,0,0.333,3,5,1,0
C11370,884,15,709.3,10023.55,67,0,0.251,3,6,0,0
C11371,362,6,280.94,1497.07,77,0,0.124,1,4,0,1
C11372,466,8,679.64,5853.33,44,0,0.282,0,1,1,0
C11373,437,12,454.72,6150.96,69,1,0.687,3,2,1,0
C11374,890,15,597.71,9744.99,92,1,0.161,0,7,1,1
C11375,960,22,304.46,6924.41,87,1,0.575,1,2,0,1
C11376,963,25,779.9,21329.68,45,4,0.413,1,5,1,0
C11377,759,16,302.93,4707.62,98,2,0.551,0,7,0,0
C11378,518,13,694.85,10007.26,25,0,0.642,1,3,0,0
C11379,554,12,374.3,4893.85,34,1,0.149,1,1,1,0
C11380,981,26,443.47,9806.65,109,1,0.084,0,6,0,0
C11381,306,4,1092.91,4355.63,97,1,0.417,1,6,0,1
C11382,366,4,846.86,3148.24,48,1,0.39,1,5,0,0
C11383,900,21,1090.2,20052.34,33,1,0.115,0,7,1,0
C11384,404,6,1311.4,8685.6,37,0,0.475,1,6,1,0
C11385,258,5,459.07,1956.52,89,0,0.366,0,5,0,0
C11386,573,23,1276.03,31375.19,78,0,0.299,0,3,0,0
C11387,345,13,336.13,5009.66,31,1,0.092,0,1,1,0
C11388,894,15,909.34,13566.52,96,0,0.531,0,6,1,0
C11389,911,13,520.59,6506.25,46,1,0.677,2,6,0,1
C11390,326,10,427.66,4412.38,26,0,0.277,0,5,1,0
C11391,543,12,857.04,11224.58,40,1,0.306,0,5,1,0
C11392,984,16,994.46,14671.48,62,2,0.236,3,6,1,0
C11393,750,22,981.27,19973.39,94,2,0.394,0,2,1,0
C11394,239,6,715.99,4434.07,90,1,0.037,1,1,1,1
C11395,603,22,689.77,17177.48,54,1,0.249,0,5,1,0
C11396,631,14,823.91,10837.26,68,0,0.447,0,7,1,0
C11397,663,13,745.21,9329.54,50,0,0.182,0,1,1,0
C11398,54,1,829.3,952.04,31,0,0.518,3,1,1,1
C11399,320,15,712.49,9649.25,55,1,0.643,3,5,1,1
C11400,858,19,949.77,15755.47,9,0,0.504,1,3,1,0
C11401,264,8,312.54,2567.65,151,0,0.276,4,7,1,1
C11402,320,8,612.71,4202.11,66,1,0.401,1,4,1,0
C11403,342,9,348.71,2837.51,80,0,0.193,1,4,0,0
C11404,202,4,736.19,3052.72,33,0,0.765,2,1,1,0
C11405,180,3,1360.82,4277.82,66,1,0.098,1,7,0,0
C11406,366,8,525.12,4214.1,74,2,0.672,1,3,1,1
C11407,878,20,688.31,13286.1,48,1,0.498,0,4,1,0
C11408,31,2,913.6,1868.97,50,0,0.128,2,5,1,1
C11409,304,4,256.34,1069.47,18,1,0.449,1,7,1,1
C11410,88,2,513.9,1121.38,184,2,0.309,1,6,1,1
C11411,574,12,765.86,9997.46,32,2,0.237,0,6,0,0
C11412,273,7,176.5,1296.58,36,1,0.231,2,1,1,0
C11413,798,12,418.81,5620.11,157,0,0.24,6,1,1,1
C11414,597,13,1066.74,15273.9,83,0,0.317,0,6,1,0
C11415,790,16,1020.78,14535.48,95,0,0.619,3,7,0,0
C11416,645,15,769.25,13119.6,17,0,0.049,3,5,1,0
C11417,455,10,966.77,10803.87,65,0,0.103,1,7,1,0
C11418,865,25,716.06,16939.8,17,2,0.08,0,3,1,0
C11419,491,8,834.56,5715.44,28,0,0.501,1,3,0,0
C11420,951,23,563.93,13374.97,201,0,0.314,2,2,0,0
C11421,994,22,684.77,14786.62,24,0,0.129,0,6,1,0
C11422,601,11,489.02,5781.96,92,0,0.259,2,5,1,0
C11423,684,15,1147.73,17343.0,26,1,0.365,1,2,0,0
C11424,277,9,1289.07,10127.61,29,1,0.125,2,7,1,0
C11425,820,19,1209.46,21219.63,283,2,0.307,0,1,1,0
C11426,681,12,540.95,7236.33,54,2,0.349,1,6,1,1
C11427,905,19,423.17,6925.11,16,0,0.03,0,2,1,0
C11428,288,5,1154.72,6183.53,94,0,0.423,0,6,1,0
C11429,793,14,830.25,10898.0,132,1,0.543,0,4,0,1
C11430,486,13,753.58,9657.35,100,1,0.388,0,2,0,0
C11431,209,6,488.74,2959.72,50,1,0.195,3,1,1,1
C11432,196,6,787.23,4369.24,52,1,0.28,1,5,1,0
C11433,575,12,398.85,5004.39,38,0,0.159,1,2,1,0
C11434,339,9,864.63,8233.26,21,1,0.372,2,4,0,1
C11435,128,3,1208.91,3175.27,73,0,0.504,0,7,1,0
C11436,444,10,1354.17,13029.53,48,2,0.175,1,7,1,0
C11437,663,11,894.09,10556.02,17,1,0.314,1,4,1,0
C11438,339,4,349.0,1488.82,55,0,0.266,2,6,1,0
C11439,956,23,710.36,16556.9,32,1,0.369,2,6,1,0
C11440,786,17,1702.46,31352.74,70,0,0.434,2,5,1,0
C11441,527,7,439.7,2715.61,65,0,0.278,4,2,0,0
C11442,936,20,632.92,11208.55,43,1,0.126,4,6,1,0
C11443,449,11,1227.9,14145.06,57,0,0.184,0,1,0,0
C11444,165,2,858.07,1815.68,60,2,0.283,3,4,1,0
C11445,64,2,1984.34,4343.16,109,1,0.396,0,6,1,1
C11446,939,26,467.4,10989.55,55,0,0.578,1,4,0,1
C11447,960,19,416.37,7950.83,39,0,0.659,2,3,0,0
C11448,747,16,1127.58,18911.76,47,0,0.094,2,3,1,1
C11449,129,6,379.49,2088.2,175,1,0.49,0,4,0,1
C11450,314,12,594.92,7175.29,27,1,0.283,1,6,0,0
C11451,69,1,631.08,657.29,49,0,0.727,0,7,0,0
C11452,79,3,1036.05,2841.89,48,0,0.24,1,6,1,1
C11453,268,7,856.96,5774.78,50,0,0.409,1,3,1,1
C11454,584,12,798.43,8765.82,21,3,0.414,1,1,1,0
C11455,93,1,542.33,607.89,46,0,0.291,1,4,1,0
C11456,985,17,1122.96,17582.94,37,0,0.442,0,7,1,0
C11457,471,13,3978.23,45834.2,70,0,0.044,2,5,0,0
C11458,285,3,887.18,2290.38,120,1,0.169,0,3,1,1
C11459,530,14,679.82,8218.21,74,0,0.23,1,1,1,0
C11460,796,18,362.47,5920.79,62,1,0.193,2,2,1,0
C11461,333,8,487.9,4029.91,79,1,0.14,0,6,1,1
C11462,76,1,590.4,504.97,66,1,0.12,1,5,0,1
C11463,79,3,511.02,1434.98,56,2,0.485,1,4,0,0
C11464,856,22,645.31,12315.03,106,2,0.341,2,3,1,0
C11465,138,2,1446.76,2809.89,45,2,0.055,0,2,1,0
C11466,646,18,1139.33,17730.61,20,0,0.287,2,7,1,0
C11467,402,6,605.16,3748.1,36,0,0.198,2,4,0,0
C11468,784,15,377.38,5980.68,32,1,0.341,2,6,1,0
C11469,88,1,1186.53,1268.88,206,1,0.724,0,4,1,1
C11470,900,12,635.81,6998.77,125,2,0.125,1,4,1,0
C11471,707,22,298.88,7302.27,63,1,0.167,0,5,1,0
C11472,465,12,895.66,11361.48,33,1,0.173,2,3,1,0
C11473,230,8,1031.25,7152.71,106,1,0.184,2,7,0,1
C11474,977,25,218.18,5357.57,61,0,0.071,1,4,1,0
C11475,323,10,448.51,4845.37,45,2,0.324,0,6,1,0
C11476,505,10,618.48,5833.93,61,0,0.171,0,7,1,0
C11477,412,11,904.61,9597.14,46,2,0.258,0,3,1,0
C11478,253,5,515.37,2677.04,79,0,0.183,1,2,0,0
C11479,434,10,446.98,3873.73,19,0,0.717,3,7,0,1
C11480,176,3,901.62,3083.76,78,1,0.346,2,6,0,1
C11481,31,1,526.49,475.08,46,1,0.343,1,6,0,1
C11482,311,10,829.56,7117.64,107,1,0.424,0,7,0,0
C11483,138,2,394.17,671.35,127,1,0.319,1,1,1,1
C11484,432,9,353.69,3087.29,145,0,0.756,0,7,1,0
C11485,866,20,913.1,20367.17,216,0,0.343,0,1,0,0
C11486,187,3,728.22,2394.23,142,0,0.175,1,2,0,0
C11487,31,1,984.44,1106.13,105,0,0.219,1,2,1,0
C11488,137,1,511.48,516.66,21,2,0.527,0,1,1,1
C11489,522,13,454.49,5817.52,5,1,0.136,1,1,0,0
C11490,296,4,1199.06,4632.01,115,1,0.03,0,1,1,1
C11491,504,17,327.55,4810.64,28,0,0.168,2,4,1,0
C11492,58,1,1141.54,1281.79,300,0,0.517,1,3,1,1
C11493,353,8,1177.56,9409.67,14,0,0.404,1,3,1,0
C11494,427,15,957.2,14164.46,102,1,0.415,0,2,1,0
C11495,448,13,476.97,6228.82,66,0,0.086,0,7,0,0
C11496,564,13,450.13,6368.08,16,1,0.076,1,3,0,0
C11497,787,13,591.37,7052.35,66,1,0.136,0,4,1,0
C11498,483,7,362.93,2700.49,31,2,0.375,1,1,1,0
C11499,845,21,421.66,9414.76,54,1,0.374,1,2,1,0
