customer_id,tenure_days,num_orders,avg_order_value,total_spend,recency_days,num_returns,discount_usage_rate,support_tickets,product_categories,mobile_user,churn,churn_probability,risk_level,retention_action
C10000,116,2,673.11,1230.19,161,1,0.606,2,1,0,1,0.8788429119693555,High,Personalized offer + follow-up
C10001,780,17,599.1,10749.76,16,0,0.038,0,5,1,0,0.10221087177190576,Low,Regular engagement
C10002,664,11,562.41,6795.34,101,1,0.201,1,7,1,1,0.7455407444638441,High,Personalized offer + follow-up
C10003,455,16,710.82,10040.84,137,1,0.136,0,6,1,0,0.2996203013610951,Low,Regular engagement
C10004,450,10,910.12,8828.9,91,0,0.065,0,4,0,0,0.15997447118337013,Low,Regular engagement
C10005,862,14,891.3,13352.38,15,1,0.235,1,4,1,0,0.03743985307265095,Low,Regular engagement
C10006,113,2,833.56,1498.93,36,1,0.083,3,6,0,0,0.5003028787498534,Medium,Loyalty reminder
C10007,706,12,583.28,7139.05,60,0,0.201,1,6,0,0,0.25809165968946485,Low,Regular engagement
C10008,225,4,503.62,2118.33,54,1,0.361,0,7,0,0,0.555499640453863,Medium,Loyalty reminder
C10009,121,1,406.35,388.65,1,1,0.457,2,3,0,1,0.839187223839772,High,Personalized offer + follow-up
C10010,540,16,497.73,8756.82,131,2,0.28,1,4,0,0,0.2833764723349958,Low,Regular engagement
C10011,976,15,655.77,9868.0,98,0,0.3,1,1,0,0,0.4203411581266911,Medium,Loyalty reminder
C10012,743,22,456.3,10421.06,66,0,0.28,0,2,1,0,0.14790883788571169,Low,Regular engagement
C10013,768,24,678.71,14534.09,85,1,0.578,0,3,1,0,0.09545295727190245,Low,Regular engagement
C10014,725,14,420.95,5050.25,29,1,0.297,2,6,1,1,0.4967735448269738,Medium,Loyalty reminder
C10015,792,15,307.82,3995.0,21,2,0.464,0,4,1,0,0.22019043737913555,Low,Regular engagement
C10016,527,13,939.84,13698.44,58,0,0.277,1,5,1,0,0.04035461875848151,Low,Regular engagement
C10017,154,2,525.05,1170.64,36,0,0.327,2,7,0,0,0.5951192209454327,Medium,Loyalty reminder
C10018,844,22,445.99,10717.19,101,1,0.094,0,4,1,0,0.2285129719803404,Low,Regular engagement
C10019,466,13,397.32,4699.69,13,1,0.291,4,3,1,1,0.6832428129325676,High,Personalized offer + follow-up
C10020,515,16,786.3,12676.89,112,0,0.489,0,6,1,0,0.049880575287033775,Low,Regular engagement
C10021,389,6,1206.74,7883.65,86,0,0.163,2,3,0,0,0.2653353307408092,Low,Regular engagement
C10022,207,2,542.18,1141.18,166,1,0.58,1,3,1,1,0.9508669300635088,High,Personalized offer + follow-up
C10023,928,26,589.91,13568.56,70,0,0.337,0,7,0,0,0.10542735107794425,Low,Regular engagement
C10024,788,19,1052.8,22376.83,96,0,0.197,0,4,1,0,0.07375539311628534,Low,Regular engagement
C10025,654,12,287.8,3102.04,105,0,0.353,1,2,1,1,0.8096150444796358,High,Personalized offer + follow-up
C10026,420,8,1575.08,11359.96,134,2,0.307,0,6,0,1,0.815465842357156,High,Personalized offer + follow-up
C10027,828,21,1952.41,45933.09,64,1,0.076,2,5,0,0,0.07584021233493733,Low,Regular engagement
C10028,559,13,192.31,2488.49,37,1,0.091,0,6,0,1,0.7635352561363373,High,Personalized offer + follow-up
C10029,460,10,622.1,5983.78,71,1,0.165,0,3,0,1,0.6526585108185194,Medium,Loyalty reminder
C10030,466,13,470.34,6212.84,112,0,0.068,2,6,1,0,0.455205153801308,Medium,Loyalty reminder
C10031,250,5,576.99,3301.59,123,0,0.245,3,7,0,0,0.7761203356973895,High,Personalized offer + follow-up
C10032,119,2,538.45,954.01,10,0,0.227,0,2,0,1,0.6889963613871377,High,Personalized offer + follow-up
C10033,567,9,936.61,9079.27,300,0,0.169,2,2,0,1,0.9281557912193448,High,Personalized offer + follow-up
C10034,891,18,617.89,10569.23,36,0,0.273,1,4,0,1,0.3129432960725432,Low,Regular engagement
C10035,91,4,431.41,1527.39,97,2,0.467,2,6,0,1,0.8754670093591348,High,Personalized offer + follow-up
C10036,862,23,601.54,13511.39,144,0,0.374,0,1,1,0,0.08342312214734748,Low,Regular engagement
C10037,832,14,819.44,11639.95,54,1,0.337,1,4,1,0,0.06866010243126774,Low,Regular engagement
C10038,298,6,381.57,2087.47,126,0,0.623,0,1,1,0,0.5662125388259291,Medium,Loyalty reminder
C10039,642,15,309.87,4515.96,10,1,0.468,3,7,0,1,0.6885837815362011,High,Personalized offer + follow-up
C10040,190,5,1593.53,8291.96,130,0,0.43,3,6,1,0,0.34332652283551324,Medium,Loyalty reminder
C10041,765,16,486.81,7967.6,119,1,0.257,2,7,0,0,0.2900468356137911,Low,Regular engagement
C10042,709,11,611.04,7171.43,78,0,0.672,0,2,1,0,0.2881426057519011,Low,Regular engagement
C10043,373,8,543.46,4786.45,113,2,0.244,0,6,1,1,0.8759807350770638,High,Personalized offer + follow-up
C10044,95,2,831.82,1618.29,175,1,0.272,2,3,1,1,0.913421081801645,High,Personalized offer + follow-up
C10045,971,31,1443.36,43710.13,147,0,0.03,0,1,1,0,0.22882006396573826,Low,Regular engagement
C10046,462,10,843.82,8429.83,56,0,0.337,2,4,0,0,0.2503044009684754,Low,Regular engagement
C10047,896,16,328.23,5356.22,70,0,0.137,2,4,1,0,0.27055949471041774,Low,Regular engagement
C10048,687,8,348.67,2461.6,49,0,0.565,2,4,1,1,0.6646680857609956,High,Personalized offer + follow-up
C10049,785,15,543.18,7689.72,44,1,0.259,1,6,1,1,0.19418771894097842,Low,Regular engagement
